processorError,qaDefault,qaDPI,qaDensity,qaInclination,qaLightness,qaShadow,qaFocus,qaShine,classification,classificationConf,expeditionDateSim,expeditionDateConf,birthdateSim,birthdateConf,filiationASim,filiationAConf,filiationBSim,filiationBConf,birthplaceSim,birthplaceConf,nameSim,nameConf,cpfSim,cpfConf,rgSim,rgConf
0,OK,200,0.151531,0.1,1,1,1,1,rg_back,0.593669,63,74,100,93,24,97,24,94,100,92,87,96,0,0,100,95
0,OK,200,0.140937,0.3,1,1,1,1,rg_back,0.475228,50,89,100,94,8,59,96,97,100,96,100,97,100,0,100,92
0,Profundidade de cor,200,0.15974,0.2,-1,-1,-1,-1,rg_back,0.622671,63,70,100,87,23,76,23,91,100,92,100,94,0,0,100,86
0,OK,200,0.129816,0.4,1,0.998254,1,1,rg_back,0.369477,75,63,100,93,34,96,40,98,100,98,86,91,0,0,100,98
0,OK,200,0.141541,0.2,1,1,1,1,rg_back,0.506805,100,85,100,89,96,89,100,85,100,76,100,97,100,98,100,94
0,OK,200,0.172376,0.2,1,1,0.996053,0,rg_back,0.450062,100,95,100,95,71,88,96,97,100,97,96,96,100,97,100,93
0,OK,200,0.154046,0.3,1,1,0.965922,0,rg_back,0.355534,100,84,100,93,100,99,100,99,100,98,100,99,100,0,70,93
0,OK,200,0.153896,0.5,1,0.999324,0.968199,0,rg_back,0.507269,100,90,100,94,100,98,100,98,100,98,100,99,100,0,100,98
0,OK,200,0.217484,0.4,1,0.999466,0.95245,0,rg_back,0.410836,100,88,86,92,100,95,96,97,100,97,100,97,9,89,100,92
0,OK,200,0.161807,0.3,1,0.97656,0.923329,0,rg_front,0.325051,100,91,100,90,83,93,100,93,100,94,100,93,100,0,88,96
0,OK,200,0.160378,0.1,1,1,0.960577,0,rg_back,0.671555,100,79,100,87,69,98,100,96,100,88,95,95,100,0,100,90
0,OK,200,0.202407,0.7,1,0.993412,0.734207,0,rg_back,0.462534,25,14,38,28,100,87,95,91,67,72,96,86,100,0,50,74
0,OK,200,0.165951,0.1,1,1,0.937176,0,rg_front,0.707372,100,89,100,92,95,93,93,95,100,97,100,94,100,99,100,90
0,OK,200,0.155312,0.2,1,0.99995,0.909219,0,rg_back,0.702401,100,53,100,84,100,96,100,97,100,96,100,95,100,0,100,93
0,OK,200,0.183255,0.5,1,0.976328,0.829674,0,rg_back,0.28301,100,89,88,93,100,99,100,99,100,98,100,99,100,0,89,97
0,OK,200,0.152194,0.3,1,0.971462,0.947293,0,rg_back,0.408136,100,91,100,95,100,98,95,98,100,98,100,98,100,0,100,98
0,OK,200,0.176066,0.1,1,1,0.98402,0,rg_front,0.689529,100,84,0,0,95,95,96,96,0,0,100,95,100,86,100,87
0,OK,200,0.174206,0.1,1,0.999897,0.97073,0,rg_back,0.753794,100,95,100,94,96,91,94,90,100,97,95,92,100,99,100,97
0,OK,200,0.149971,1,1,0.975996,0.920315,0,rg_back,0.539877,100,88,100,87,0,0,96,92,100,96,32,88,100,0,100,98
0,OK,200,0.180666,0.1,1,0.999918,0.988194,0,rg_back,0.492161,100,87,100,84,96,92,100,90,100,96,97,90,100,99,100,98
0,OK,200,0.168226,0.1,1,0.999813,0.859434,0,rg_back,0.456938,100,79,44,42,83,84,92,92,100,75,80,84,0,89,100,82
0,OK,200,0.157915,0.2,1,0.978159,0.968892,0,rg_back,0.449402,100,78,100,88,78,90,91,92,100,93,100,92,64,72,100,93
0,OK,200,0.185115,0.1,1,0.97991,0.94345,0,rg_front,0.708544,100,91,100,93,100,94,96,94,100,95,94,92,100,0,100,93
0,OK,200,0.195962,0.3,1,1,0.962628,0,rg_back,0.492571,100,78,100,91,100,95,100,93,100,98,90,90,100,98,100,95
0,OK,200,0.195809,0.4,1,0.973581,0.772407,0,rg_back,0.42993,100,68,100,77,0,0,43,95,25,73,100,93,45,61,57,89
0,OK,200,0.181354,0.3,1,0.994917,0.868637,0,rg_back,0.499666,100,92,100,91,89,93,95,92,100,97,89,90,100,0,100,95
0,OK,200,0.780191,0.3,1,0.990948,0.781864,0,rg_back,0.367629,50,50,89,74,63,72,50,82,100,86,100,88,100,85,89,77
0,OK,200,0.14853,0.1,1,1,0.998451,0,rg_back,0.575664,100,88,100,91,96,93,96,92,100,95,100,92,100,0,100,97
0,OK,200,0.146601,0.1,1,0.998731,0.888411,0,rg_back,0.605897,88,54,100,74,7,73,49,84,100,89,94,89,100,0,71,90
0,OK,200,0.230918,0.1,1,0.992586,0.956314,0,rg_back,0.464856,75,68,100,74,67,67,14,61,32,84,0,0,0,0,0,0
0,OK,200,0.224254,0.1,1,0.999667,0.995606,0,rg_front,0.376612,100,88,100,86,73,95,95,94,100,94,100,93,100,99,85,86
0,OK,200,0.219757,0.1,1,0.949333,0.700666,0,cnh,0.527196,100,90,100,92,100,0,86,98,100,99,47,90,0,90,100,92
0,OK,200,0.17389,0.3,1,0.990523,0.911,0,rg_back,0.305193,100,71,100,90,100,93,96,96,100,95,96,90,0,93,83,90
0,OK,200,0.198424,0.1,1,0.999811,0.991288,0,rg_back,0.404702,100,93,100,92,100,0,100,98,100,99,100,98,100,100,100,94
0,OK,200,0.225624,0.1,1,0.999977,0.950906,0,rg_back,0.352025,100,87,100,94,80,92,93,97,100,99,100,98,100,99,100,96
0,OK,200,0.244702,0.3,1,1,0.975486,0,rg_back,0.279594,100,90,100,94,100,95,97,96,100,97,97,96,100,99,100,95
0,OK,200,0.251049,0.1,1,0.962634,0.756423,0,rg_back,0.392372,100,95,100,92,100,96,96,95,100,92,95,94,100,99,100,92
0,OK,200,0.238778,0.1,1,1,0.991187,0,cnh,0.592496,100,89,100,92,100,97,95,96,100,99,100,97,100,99,100,94
0,OK,200,0.287866,0.2,1,1,0.829489,0,rg_back,0.566196,100,91,100,94,96,95,96,95,100,94,100,96,100,0,92,79
0,OK,200,0.27306,0.3,1,0.967619,0.933494,0,cnh,0.375466,100,74,100,90,100,94,79,94,100,98,100,94,100,99,100,92
0,OK,200,0.214815,0.2,1,1,0.999328,0,rg_back,0.548458,100,90,100,96,100,98,96,97,100,98,94,96,100,99,100,87
0,OK,200,0.252113,0.1,1,0.999802,0.862525,0,cnh,0.365959,100,86,100,93,100,95,95,96,100,94,100,95,0,0,100,90
0,OK,200,0.240396,0.5,1,0.994408,0.717622,0,rg_back,0.666721,100,91,100,91,95,93,72,91,100,96,96,93,100,0,100,89
0,OK,200,0.243304,0.1,1,0.999597,0.982431,0,rg_front,0.245061,100,88,100,93,100,96,96,94,100,98,100,96,100,99,100,91
0,OK,200,0.23425,0.3,1,1,0.846071,0,cnh,0.507445,100,88,100,93,100,94,100,96,100,95,100,97,100,0,100,94
0,OK,200,0.230113,0.2,1,1,0.874865,0,rg_back,0.36518,100,78,100,90,100,94,96,95,100,97,97,94,100,87,46,66
0,OK,200,0.217803,1,1,0.963028,0.904423,0,rg_back,0.385769,100,94,100,94,100,0,73,94,100,93,96,95,100,99,38,78
0,OK,200,0.218839,0.1,1,1,0.969044,0,rg_back,0.421094,100,89,100,93,100,96,96,95,100,97,100,96,100,96,100,95
0,OK,200,0.174791,0.1,1,1,0.993905,0,rg_back,0.605139,100,94,100,91,100,98,97,97,100,99,100,98,100,100,100,97
0,OK,200,0.150882,0.1,1,1,0.915809,0,rg_back,0.599832,100,91,100,89,100,94,100,95,100,97,95,95,100,99,100,97
0,OK,200,0.177693,0.2,1,0.986829,0.729532,0,rg_back,0.407248,100,74,100,77,22,63,67,73,100,88,96,93,45,56,90,69
0,OK,200,0.177812,0.3,1,1,0.964321,0,rg_back,0.545405,100,86,100,86,100,94,96,93,100,95,93,90,100,0,91,95
0,OK,200,0.162204,0.3,1,0.986327,0.855769,0,rg_back,0.434951,100,80,86,93,100,93,95,94,30,85,100,94,100,0,100,82
0,OK,200,0.20027,0.2,1,0.984753,0.895715,0.204483,rg_back,0.592929,88,82,86,94,88,96,96,97,100,98,100,97,100,98,85,92
0,OK,200,0.196115,0.1,1,0.995572,0.918732,0,cnh,0.392674,0,0,0,0,100,0,0,0,0,0,85,84,100,0,0,0
0,OK,200,0.141947,0.6,1,1,0.998442,1,rg_back,0.617565,100,91,100,90,100,92,94,90,100,94,94,87,0,0,100,94
0,OK,200,0.191215,0.8,1,0.999711,0.974463,0,rg_back,0.61216,100,83,100,89,100,91,92,91,100,91,95,87,100,98,100,92
0,OK,200,0.17282,0.7,1,0.996853,0.974256,0,rg_back,0.571628,100,91,100,92,73,87,97,96,100,95,81,91,27,89,55,92
0,OK,200,0.216095,0.2,1,0.993575,0.881092,0,rg_front,0.390376,100,90,100,86,100,0,100,94,100,94,62,94,100,99,64,91
0,OK,200,0.169468,0.1,1,0.999295,0.970736,0,rg_back,0.680794,100,92,100,94,100,0,100,96,100,96,100,96,100,99,55,89
0,OK,200,0.162172,0.2,1,0.999745,0.998979,1,rg_back,0.318751,100,89,100,96,0,0,0,0,100,97,91,94,100,99,64,86
0,OK,200,0.174683,0.1,1,1,0.998611,1,rg_back,0.655895,100,92,13,50,10,76,46,97,0,0,100,98,100,99,64,95
0,OK,200,0.120611,0.2,1,1,1,1,rg_back,0.517448,100,93,100,91,88,98,100,96,100,98,100,97,100,0,100,96
0,OK,200,0.150026,0.2,1,1,1,1,rg_back,0.519121,100,90,100,94,100,97,100,97,100,94,100,97,100,99,86,92
0,OK,200,0.192988,0.1,1,1,0.937234,0,rg_back,0.304823,100,90,25,26,64,81,43,91,36,76,63,77,0,97,71,85
0,OK,200,0.172006,0.1,1,1,0.971247,0,rg_front,0.412334,100,91,100,92,100,97,95,91,100,96,96,92,100,99,100,93
0,OK,200,0.145171,0.1,1,0.992561,0.883356,0,rg_back,0.30528,100,62,63,55,82,76,77,81,100,84,83,79,100,0,90,58
0,OK,200,0.148251,0.1,1,0.990943,0.918964,0,rg_back,0.397028,100,86,75,72,95,79,86,79,75,76,74,71,100,0,90,88
0,OK,200,0.170689,0.1,1,1,0.964389,0,rg_front,0.655222,100,81,100,82,90,85,96,90,100,77,100,88,100,0,100,90
0,OK,200,0.151976,0.1,1,0.996749,0.996305,0,rg_back,0.373974,100,88,100,84,43,83,100,90,100,79,29,69,100,0,100,99
0,OK,200,0.130798,1,1,1,0.990791,1,rg_back,0.559997,100,93,100,91,100,89,81,92,100,91,82,92,100,0,63,59
0,OK,200,0.186697,0.1,1,1,0.861413,0,rg_back,0.476497,100,95,100,94,76,98,95,98,100,98,100,98,100,92,100,94
0,OK,200,0.167565,0.1,1,1,0.925757,0,rg_back,0.681813,100,59,100,59,100,91,92,90,100,95,100,88,100,0,100,81
0,OK,200,0.147705,0.1,1,1,0.959884,0,rg_back,0.514906,88,80,56,65,100,98,100,97,100,97,100,97,100,99,100,97
0,OK,200,0.218797,0.1,1,0.761925,0.881652,0,rg_back,0.527326,100,87,100,95,82,88,44,83,100,98,100,93,100,99,100,93
0,OK,200,0.171847,0.5,1,0.981165,0.921906,0,rg_back,0.434881,100,77,100,68,100,94,100,90,100,94,96,94,100,78,100,75
0,OK,200,0.114591,0.2,1,0.99999,0.757717,0,rg_back,0.590975,38,54,100,82,86,90,74,84,100,83,65,88,100,0,90,74
0,OK,200,0.17763,0.1,1,0.999556,0.972398,0,rg_back,0.503319,100,94,100,81,100,98,94,97,100,97,100,94,100,99,100,95
0,OK,200,0.189169,0.3,1,0.999897,0.98003,0,rg_back,0.491328,100,90,100,92,100,89,75,83,100,97,96,92,100,99,100,90
0,OK,200,0.186104,0.4,1,0.982173,0.953868,0,rg_front,0.634251,56,76,100,89,83,93,100,95,100,97,100,97,100,0,100,97
0,OK,200,0.180324,0.1,1,1,0.983236,0,rg_back,0.514153,100,85,100,89,100,85,100,90,100,92,100,92,100,99,100,94
0,OK,200,0.140765,0.1,1,1,0.900936,0,rg_back,0.533128,88,86,100,92,100,95,100,96,100,93,100,98,0,72,100,95
0,OK,200,0.143902,0.1,1,0.993889,0.909228,0,rg_back,0.554331,100,87,86,93,0,0,0,98,100,97,100,97,100,99,100,96
0,OK,200,0.164018,0.5,1,1,0.943865,0,rg_back,0.511055,100,88,100,94,82,98,100,99,100,99,100,98,100,0,100,98
0,OK,200,0.213796,0.1,1,0.983677,0.955177,0,rg_back,0.479001,100,76,100,84,23,89,13,87,0,0,0,0,0,91,29,74
0,OK,200,0.182639,0.1,1,1,0.961064,0,rg_back,0.411739,100,90,100,94,100,0,100,86,100,92,92,96,100,0,100,97
0,OK,200,0.189569,0.1,1,1,0.979598,0,cnh_top,0.38292,100,89,100,93,100,0,97,91,100,95,95,94,100,99,100,93
0,OK,200,0.17339,1.5,1,0.964063,0.763739,0,rg_back,0.672357,88,93,100,90,17,81,19,82,100,73,88,91,100,0,100,99
0,OK,200,0.179183,0.1,1,1,0.965734,0,rg_back,0.420164,100,81,100,91,87,78,91,90,100,94,95,91,64,89,100,94
0,OK,200,0.175957,0.1,1,0.981165,0.871795,0,rg_back,0.6642,100,86,100,85,78,90,100,96,67,87,100,91,100,0,100,84
0,OK,200,0.226361,0.1,1,0.987859,0.950679,0.323707,rg_back,0.557806,100,81,100,89,92,90,95,93,0,0,100,94,100,0,100,88
0,OK,200,0.197105,0.1,1,0.982027,0.913988,0,rg_front,0.43092,88,88,0,54,32,94,39,88,0,0,96,94,100,99,100,96
0,OK,200,0.191665,0.6,1,1,0.909892,0,rg_back,0.553464,100,89,100,92,100,94,100,92,100,96,100,93,100,99,0,0
0,OK,200,0.193806,0.1,1,0.999938,0.995593,0,rg_front,0.434933,100,88,100,94,100,93,91,96,100,93,73,76,100,99,100,97
0,OK,200,0.170635,0.1,1,0.984218,0.935678,0.126187,rg_back,0.710293,100,86,88,67,0,59,100,93,100,84,86,93,91,99,100,99
0,OK,200,0.179176,1,1,0.999358,0.798678,0,rg_back,0.325521,88,61,100,83,94,92,79,87,0,0,100,94,0,97,100,95
0,OK,200,0.184198,0.2,1,1,0.946708,0.0978739,rg_back,0.426901,100,83,100,90,100,97,100,95,67,85,95,93,100,0,100,91
0,OK,200,0.224776,0.7,1,0.821579,0.827658,0,rg_back,0.673196,63,91,100,82,0,60,63,88,67,85,100,98,100,90,100,97
0,OK,200,0.174761,0.1,1,0.999909,0.894449,0,rg_back,0.563981,100,79,100,89,100,94,87,96,95,95,68,90,0,88,100,95
0,OK,200,0.180645,0.1,1,0.986919,0.951935,0,rg_back,0.459208,88,86,0,0,0,0,61,91,0,0,96,93,100,92,100,93
0,OK,200,0.178285,1,1,1,0.98794,0,rg_front,0.362667,100,89,100,93,100,95,100,97,100,96,100,96,100,99,100,94
0,OK,226,0.144574,0.2,1,0.980865,0.781735,0,rg_back,0.326307,88,84,100,91,88,94,79,93,100,90,100,99,100,99,100,95
0,OK,200,0.139154,0.2,1,0.999629,0.833032,0,rg_back,0.381327,100,91,100,92,95,95,92,96,100,92,100,98,100,99,100,95
0,OK,200,0.155805,0.3,1,0.99839,0.909284,0,rg_back,0.631191,88,52,38,43,45,68,70,72,100,81,88,85,0,64,100,81
0,OK,200,0.12708,0.5,1,1,0.807917,0,rg_back,0.348833,100,91,100,94,100,0,100,96,100,92,100,97,100,99,100,96
0,OK,200,0.172459,0.1,1,1,0.992205,0,rg_back,0.698762,100,94,100,92,83,95,94,98,100,90,100,98,100,99,100,99
0,OK,200,0.17424,0.3,1,0.999881,0.960057,0,rg_back,0.394843,75,85,100,92,100,98,100,98,100,97,100,98,0,0,100,96
0,OK,200,0.162483,0.2,1,1,0.988502,0,rg_back,0.529068,100,95,100,94,78,94,100,96,100,90,94,97,100,99,100,97
0,OK,200,0.185479,0.2,1,1,0.996083,0.410952,rg_back,0.700153,100,94,100,94,100,0,100,94,100,86,88,95,100,99,100,96
0,OK,200,0.150611,0.5,1,1,0.928487,0,rg_back,0.668297,100,93,0,0,47,93,38,92,10,78,100,99,100,93,100,95
0,OK,200,0.143421,0.1,1,0.998335,0.959503,0,rg_front,0.332676,100,89,100,92,24,98,23,97,100,91,96,97,100,99,100,95
0,OK,200,0.189532,0.5,1,0.956386,0.805053,0,rg_back,0.428343,100,96,67,62,100,96,96,95,100,88,85,95,100,99,100,95
0,OK,200,0.167933,0.2,1,0.993499,0.952427,0,rg_back,0.274883,100,90,100,92,100,95,88,94,100,90,100,98,100,0,100,98
0,OK,200,0.189692,0.1,1,0.999284,0.945342,0,cnh_top,0.369444,100,94,100,95,100,93,92,94,100,84,93,96,100,0,100,96
0,OK,200,0.137748,0.1,1,1,0.979845,0,rg_back,0.71564,100,98,100,98,92,98,100,98,100,99,96,97,100,0,100,98
0,OK,200,0.138171,1.3,1,0.999979,0.922184,0,rg_back,0.582821,100,80,88,72,4,90,100,80,100,88,95,78,0,0,100,81
0,OK,200,0.0987782,0.1,1,0.989448,0.912409,0,rg_back,0.280294,75,56,100,67,0,0,10,73,0,0,68,76,100,0,64,57
0,OK,200,0.173517,1,1,1,0.986218,0,rg_back,0.69422,100,72,100,83,94,89,96,92,100,91,92,95,100,0,89,83
0,OK,200,0.214573,0.6,1,1,0.936858,0,rg_front,0.455938,100,90,100,93,100,94,92,95,100,94,100,94,100,99,100,95
0,OK,200,0.161686,0.5,1,0.997813,0.727112,0,rg_back,0.400563,88,81,88,78,13,84,48,86,100,79,41,78,100,0,100,97
0,OK,200,0.181834,0.6,1,0.987278,0.871424,0,rg_back,0.737488,100,85,100,74,90,89,100,92,100,89,79,92,100,0,100,74
0,OK,200,0.178543,1.6,1,1,0.881861,0.273907,rg_back,0.676672,100,89,100,88,100,92,91,94,100,97,100,95,100,99,100,94
0,OK,200,0.143032,0.1,1,1,0.972998,0,rg_back,0.466619,100,74,100,75,0,0,0,0,0,0,88,78,0,88,100,71
0,OK,200,0.200454,0.1,1,1,0.98277,0.398535,rg_front,0.606301,100,90,100,72,83,78,57,72,100,71,95,91,100,0,100,91
0,OK,200,0.18105,0.1,1,1,0.962165,0,rg_front,0.688017,100,91,0,0,100,98,100,98,0,0,89,98,100,97,100,96
0,OK,200,0.138736,0.7,1,0.990957,0.93259,0,rg_back,0.521893,100,75,100,76,100,91,89,94,100,96,53,76,100,96,100,86
0,OK,200,0.143529,0.6,1,0.998135,0.957374,0,rg_back,0.744837,100,96,100,98,100,98,100,98,100,99,100,98,0,88,100,99
0,OK,200,0.151122,0.3,1,0.981101,0.881467,0,rg_back,0.510971,50,55,38,53,53,66,85,79,0,0,79,76,100,78,100,78
0,OK,200,0.140526,0.1,1,1,0.939475,0,rg_back,0.637036,100,96,100,82,100,97,100,97,100,99,100,98,100,99,100,97
0,OK,200,0.124194,1,1,1,0.988745,0,rg_back,0.760886,100,97,100,97,0,90,100,98,100,99,100,96,100,99,100,97
0,OK,200,0.146179,0.6,1,0.985937,0.946397,0,rg_front,0.453133,100,72,100,88,94,86,100,90,100,94,93,81,100,78,100,87
0,OK,200,0.145469,1,1,0.999695,0.956024,0,rg_back,0.477784,50,12,38,65,23,81,13,75,20,80,68,85,100,0,0,0
0,OK,200,0.16292,0.3,1,0.959275,0.947491,0,rg_front,0.669601,100,85,100,88,80,98,91,96,100,97,100,95,100,83,100,89
0,OK,200,0.150254,1,1,0.997407,0.978007,1,rg_front,0.24276,100,70,100,75,100,95,100,97,100,96,100,96,100,0,90,76
0,OK,200,0.195263,0.1,1,1,0.936755,0,rg_front,0.46437,100,87,100,97,100,98,100,97,100,98,100,97,100,99,70,97
0,OK,200,0.156277,0.1,1,1,0.988883,1,rg_front,0.460558,100,94,100,95,100,96,100,96,94,94,100,98,100,98,100,97
0,OK,200,0.162555,0.3,1,1,0.886108,0,rg_back,0.511479,100,95,100,96,100,95,100,98,95,97,100,97,100,99,80,97
0,OK,200,0.174243,0.1,1,0.997632,0.946131,0,rg_front,0.452565,100,92,100,74,100,97,100,92,100,95,100,97,100,98,100,96
0,OK,200,0.178245,0.6,1,1,0.965951,0,rg_front,0.431395,100,93,100,94,100,96,100,96,100,86,100,98,100,99,100,98
0,OK,200,0.175534,0.2,1,1,0.992647,0.18577,rg_back,0.532862,100,93,100,93,96,95,100,95,100,90,100,98,100,99,100,94
0,OK,200,0.153493,0.1,1,0.964526,0.738681,0,rg_back,0.528576,100,84,75,50,43,75,84,74,100,79,100,95,0,0,100,92
0,OK,200,0.118706,0.1,1,1,0.961676,0,rg_back,0.38203,100,48,100,73,0,0,0,0,0,0,23,54,100,0,0,0
0,OK,200,0.192587,0.1,1,0.867918,0.907678,0,rg_back,0.362411,100,89,100,92,96,96,94,97,100,94,100,98,100,0,100,98
0,OK,200,0.147129,0.1,1,1,0.957709,0,rg_back,0.540725,100,96,88,68,92,94,92,97,100,94,100,98,100,98,100,97
0,OK,200,0.156676,0.1,1,1,0.9419,0,rg_front,0.683799,100,87,100,94,79,98,100,96,100,96,75,98,100,0,100,94
0,OK,200,0.142058,0.1,1,0.992201,0.976338,0,rg_back,0.540005,100,93,100,83,100,98,100,99,100,94,100,99,100,0,100,96
0,OK,200,0.16784,0.1,1,1,0.908925,0.234675,rg_front,0.454059,100,90,100,92,100,95,94,94,100,91,96,96,100,0,100,97
0,OK,200,0.18012,0.4,1,1,0.941017,0,rg_back,0.48827,100,84,100,83,100,90,86,85,100,84,100,98,100,99,100,89
0,OK,200,0.205439,0.1,1,0.999568,0.750309,0,rg_back,0.455842,0,0,100,90,30,87,4,88,100,79,24,75,100,99,0,0
0,OK,220,0.13794,0.2,1,1,0.987843,0,rg_back,0.45593,44,64,38,74,100,99,85,98,100,91,100,99,100,99,100,91
0,OK,200,0.144084,0.1,1,1,0.950443,0,rg_back,0.60451,100,92,100,94,100,96,100,97,100,91,100,98,100,0,100,97
0,OK,200,0.189262,1,1,0.999209,0.967739,0,rg_back,0.519626,100,89,100,93,100,0,100,96,100,99,100,98,100,99,92,96
0,OK,221,0.138161,0.3,1,0.999404,0.855748,0,rg_back,0.491335,100,93,100,94,100,97,100,97,100,91,100,98,100,0,100,95
0,OK,200,0.141986,0.3,1,0.988412,0.880213,0,rg_back,0.655627,100,91,100,91,100,97,100,96,100,90,90,95,100,99,100,96
0,OK,200,0.185079,0.2,1,1,0.937701,0,rg_back,0.62696,100,91,100,92,100,93,87,96,100,94,100,99,73,90,100,92
0,OK,200,0.17899,0.1,1,0.996969,0.999279,0,rg_back,0.370103,88,56,88,83,100,97,96,92,100,94,100,96,100,0,89,98
0,OK,200,0.155135,0.1,1,0.982627,0.745327,0,rg_back,0.386641,100,87,75,70,29,89,95,89,100,77,100,82,100,0,100,94
0,OK,200,0.16435,0.2,1,1,0.898068,0,rg_back,0.562426,63,61,88,88,0,0,24,94,25,78,100,94,100,0,100,91
0,OK,200,0.183656,0.1,1,1,0.99943,0,rg_front,0.351991,75,86,100,87,88,95,90,96,100,91,100,94,100,98,89,95
0,OK,200,0.187006,0.6,1,1,0.994293,0,cnh,0.466741,100,71,100,91,100,96,89,98,100,89,100,98,100,90,100,97
0,OK,200,0.259875,1,1,0.980069,0.842367,0,rg_front,0.342786,88,80,100,68,100,0,80,75,100,86,39,72,100,0,71,97
0,OK,200,0.203552,0.1,1,0.999719,0.996261,1,rg_back,0.472099,100,78,100,90,29,78,11,68,100,88,75,75,100,0,0,0
0,OK,200,0.176382,0.1,1,1,0.986926,0,rg_back,0.766848,100,87,75,78,100,97,100,95,100,98,100,96,100,99,89,98
0,OK,200,0.160349,0.3,1,0.993656,0.970986,0,rg_back,0.669285,100,87,100,94,100,83,89,91,88,84,94,88,100,69,86,96
0,OK,200,0.167447,0.3,1,0.990261,0.803747,0,rg_back,0.341012,100,75,100,91,0,65,79,75,100,86,84,82,100,0,100,82
0,OK,200,0.184449,0.2,1,0.999373,0.885735,0,rg_back,0.419278,67,57,100,83,61,74,100,92,100,96,87,86,100,0,100,81
0,OK,200,0.164462,0.1,1,0.97033,0.952669,0,rg_back,0.410541,100,84,100,93,81,94,95,89,100,86,89,93,100,0,100,94
0,OK,200,0.178436,0.6,1,0.997161,0.914828,0,rg_back,0.601631,100,91,100,92,96,91,100,96,100,97,96,95,100,98,100,98
0,OK,200,0.149255,0.1,1,1,0.994796,0,rg_back,0.528208,88,85,100,90,95,97,100,97,100,99,100,97,100,0,100,94
0,OK,200,0.150804,0.5,1,1,1,1,rg_back,0.707779,100,96,100,93,100,98,100,97,100,98,100,98,100,99,100,96
0,OK,200,0.158067,0.3,1,0.988085,0.963281,0,rg_back,0.399464,100,88,100,93,100,98,100,97,100,99,96,95,100,81,100,90
0,OK,200,0.142487,0.1,1,1,0.947726,1,rg_back,0.736432,100,79,100,62,0,0,30,82,0,0,94,83,100,0,100,85
0,OK,200,0.112679,0.1,1,1,1,1,rg_back,0.539313,100,96,100,98,100,97,39,96,100,99,100,96,100,0,100,96
0,OK,200,0.140564,0.1,1,1,0.990612,0,rg_back,0.681925,100,85,100,91,76,93,100,92,100,94,81,94,100,92,100,92
0,OK,200,0.128827,0.2,1,0.999977,0.887143,0,rg_back,0.521194,100,88,88,86,100,93,100,92,100,94,100,92,100,99,60,90
0,OK,200,0.139696,0.5,1,1,1,0,rg_back,0.753103,100,87,100,84,100,95,100,94,100,95,100,95,100,99,100,92
0,OK,200,0.148735,0.1,1,0.999622,0.965618,0,rg_back,0.622204,100,70,100,89,0,0,0,0,100,95,100,94,100,79,100,88
0,OK,200,0.185266,1,1,0.971978,0.9063,0,rg_back,0.579214,88,75,100,90,71,83,100,89,100,78,100,94,0,0,60,83
0,OK,200,0.179161,0.6,1,0.996931,0.936619,0,rg_front,0.66133,100,75,88,67,95,93,95,89,100,92,100,95,100,0,100,78
0,OK,200,0.176932,0.3,1,1,0.893784,0,rg_back,0.646337,100,84,100,92,90,92,100,94,100,94,100,92,100,94,100,92
0,OK,200,0.177944,0.2,1,0.982803,0.878905,0,rg_front,0.508459,100,80,100,92,89,95,96,96,100,94,88,98,100,0,100,95
0,OK,200,0.173444,0.1,1,0.984967,0.964762,0,rg_front,0.669126,100,71,13,32,0,0,44,92,17,74,100,91,100,0,90,87
0,OK,200,0.804623,0.2,1,0.960403,0.585854,0,rg_back,0.338776,50,53,63,61,12,71,42,76,44,72,0,0,9,64,88,70
0,OK,200,0.169514,0.1,1,1,0.880523,0,rg_back,0.514779,100,88,0,0,96,92,100,93,55,70,96,88,100,0,85,87
0,OK,200,0.171946,0.1,1,1,0.91294,0,rg_back,0.620573,100,68,100,83,35,85,96,88,100,87,100,92,100,77,82,75
0,OK,200,0.176622,0.3,1,0.998776,0.810326,0,rg_front,0.597707,100,75,100,77,72,83,94,95,100,89,95,92,100,0,100,94
0,OK,200,0.1303,0.5,1,0.997812,0.827275,0,rg_back,0.520331,75,49,83,72,84,82,100,84,0,0,95,86,100,0,63,73
0,OK,200,0.122046,0.1,1,0.954862,0.462024,0,rg_front,0.24732,100,68,100,77,44,76,8,73,53,70,63,84,0,70,50,62
0,OK,200,0.203441,1,1,0.950689,0.893635,0,rg_back,0.665852,100,77,100,91,93,91,100,92,100,95,100,97,100,95,82,89
0,OK,200,0.172988,0.1,1,1,0.913352,0,rg_front,0.610412,100,91,63,80,69,96,90,98,100,97,100,98,100,97,100,94
0,OK,200,0.201969,0.2,1,1,0.881467,0,rg_front,0.336056,71,53,100,89,83,92,92,94,100,82,94,92,100,0,100,91
0,OK,200,0.209259,0.1,1,1,0.847479,0,rg_back,0.360502,75,62,100,82,100,94,100,96,100,81,95,94,100,91,78,93
0,OK,222,0.151617,0.1,1,0.999781,0.916158,0,rg_back,0.456466,100,75,86,85,75,88,93,88,100,92,90,89,100,98,91,77
0,OK,200,0.151747,0.1,1,1,0.927906,0,rg_back,0.474178,100,96,100,97,100,97,100,97,100,97,100,98,0,90,100,97
0,OK,200,0.162693,0.1,1,1,0.902829,0.212088,rg_back,0.780597,100,80,100,94,0,87,90,88,100,92,79,82,100,0,88,92
0,OK,200,0.150998,0.4,1,0.986684,0.982589,0,rg_back,0.475087,100,91,86,95,100,96,92,97,100,97,100,97,100,97,100,98
0,OK,200,0.189176,0.1,1,0.976714,0.968875,0,rg_back,0.268871,100,89,88,93,100,97,100,98,100,97,100,98,100,99,100,97
0,OK,200,0.178181,0.1,1,1,0.99527,0,rg_back,0.241251,100,82,86,94,96,97,96,97,100,98,100,96,100,0,100,95
0,OK,200,0.166126,0.5,1,0.965146,0.97205,0,rg_front,0.574199,63,48,86,87,92,87,100,90,100,95,100,91,100,82,75,81
0,OK,200,0.177834,0.1,1,0.951863,0.935253,0,rg_back,0.349836,100,74,86,86,85,88,90,94,100,93,93,94,100,0,100,88
0,OK,200,0.19386,0.6,1,0.99727,0.971521,0,rg_back,0.541009,100,79,75,92,0,0,13,93,33,87,95,98,100,81,100,97
0,OK,200,0.140385,0.1,1,1,0.969531,0,rg_back,0.456339,100,84,86,91,79,96,86,95,100,95,100,95,100,0,100,96
0,OK,200,0.168719,0.5,1,0.987821,0.959749,0,rg_back,0.50925,63,48,88,86,18,79,48,74,100,85,86,85,100,0,100,96
0,OK,200,0.153458,0.1,1,0.997654,0.932787,0,rg_back,0.493064,100,79,86,92,100,97,100,96,100,90,100,98,100,0,100,95
0,OK,200,0.160049,0.2,1,1,0.959103,0,rg_back,0.736583,88,80,86,87,100,95,100,94,100,94,100,94,100,0,100,95
0,OK,200,0.20267,0.2,1,1,0.919328,0.177501,rg_back,0.609041,100,84,0,0,41,91,11,97,0,0,100,96,0,89,100,96
0,OK,200,0.163136,0.3,1,0.99923,0.920132,0,rg_back,0.558245,100,80,88,93,100,93,94,98,100,97,100,97,100,0,100,95
0,OK,200,0.173155,1,1,1,0.978996,0,rg_back,0.739621,100,87,100,95,100,97,100,98,100,97,100,97,100,0,100,98
0,OK,200,0.157584,0.1,1,1,0.977086,0,rg_back,0.525875,100,86,100,79,100,0,100,89,100,92,96,93,100,98,91,84
0,OK,200,0.122095,0.1,1,0.997792,0.596149,0,rg_back,0.554334,100,78,100,88,100,0,100,94,25,82,100,98,100,0,100,96
0,OK,200,0.194606,0.1,1,1,1,1,rg_front,0.518547,100,92,100,90,100,95,96,96,100,96,100,97,100,99,100,94
0,OK,300,0.302116,1.2,1,0.998959,0.768549,0,rg_back,0.551199,38,65,71,70,25,69,15,90,100,83,90,81,0,0,0,0
0,OK,200,0.148732,0.1,1,0.999808,0.988228,0,rg_back,0.548203,100,93,0,0,0,0,100,97,100,99,48,93,100,0,100,98
0,OK,200,0.175606,1,1,0.999655,0.953778,0,rg_front,0.384419,100,91,100,97,19,95,19,99,100,95,83,94,100,0,100,95
0,OK,200,0.169871,0.1,1,1,0.947871,0,rg_front,0.451522,100,80,88,88,100,93,89,93,100,97,95,97,100,85,90,91
0,OK,200,0.146917,0.3,1,0.99987,0.987993,0,rg_back,0.581043,88,80,100,82,100,98,86,97,100,93,100,99,100,0,100,95
0,OK,200,0.178794,0.4,1,1,0.969594,0,rg_back,0.61463,100,93,100,94,100,97,100,97,100,94,100,98,100,96,100,95
0,OK,200,0.210771,0.3,1,1,0.988935,0,rg_back,0.451675,100,88,100,87,90,86,95,94,100,94,96,92,100,0,100,94
0,OK,200,0.148642,0.2,1,1,0.946432,0,rg_back,0.480628,100,89,100,93,100,97,100,97,100,93,100,96,100,99,100,97
0,OK,200,0.14971,0.1,1,0.989779,0.961716,0,rg_back,0.536873,75,87,100,86,100,0,90,93,100,97,100,95,100,0,100,92
0,OK,200,0.162664,0.1,1,1,0.998394,0,rg_back,0.709999,100,79,100,82,28,72,88,75,0,0,100,95,100,0,100,82
0,OK,200,0.150604,0.3,1,0.992432,0.856106,0,rg_front,0.29918,100,90,100,83,100,92,89,94,100,87,97,93,0,88,0,62
0,OK,200,0.17481,0.1,1,1,0.997192,0,rg_back,0.602232,100,92,100,94,100,97,100,96,100,90,100,99,100,99,100,97
0,OK,200,0.177948,0.3,1,1,0.962174,0,cnh,0.448683,100,89,100,92,100,97,100,96,100,91,100,98,100,99,100,94
0,OK,200,0.16551,0.4,1,1,0.940211,0,rg_back,0.412414,100,92,100,93,0,0,0,98,100,89,95,96,100,99,100,95
0,OK,200,0.169414,0.3,1,1,0.997209,0,rg_back,0.748009,100,86,100,90,0,90,9,72,100,84,95,97,100,99,100,89
0,OK,200,0.148296,0.1,1,0.999691,0.98383,0,rg_back,0.43009,100,89,100,92,30,87,75,87,100,88,100,97,100,99,100,96
0,OK,200,0.187223,0.6,1,1,0.988312,0,rg_back,0.413487,63,75,100,87,29,97,26,96,100,97,84,98,9,75,100,97
0,OK,200,0.184754,0.7,1,0.999977,0.989374,0.14094,rg_back,0.686647,100,79,56,63,0,0,36,86,21,73,95,97,100,0,100,92
0,OK,200,0.190008,0.3,1,1,0.998799,0.264288,rg_back,0.651531,100,95,100,94,100,97,100,96,100,86,100,98,100,99,100,97
0,OK,200,0.135936,0.1,1,1,0.924183,0,rg_back,0.381405,100,75,100,79,89,81,0,86,100,81,100,84,100,0,80,84
0,OK,200,0.190798,0.1,1,1,0.969835,0,rg_back,0.730547,100,73,100,85,68,76,100,90,100,91,52,97,100,99,100,97
0,OK,200,0.176807,0.1,1,1,0.996499,0,rg_back,0.704282,100,86,86,90,82,94,100,95,100,96,97,97,100,0,100,93
0,OK,200,0.166633,0.6,1,0.998494,0.923983,0,rg_front,0.303459,89,63,100,80,100,88,88,77,100,69,100,96,100,99,88,82
0,OK,200,0.230102,0.1,1,0.910355,0.943289,0,rg_back,0.567116,50,49,0,0,0,0,0,0,0,0,85,81,100,98,75,87
0,OK,200,0.159703,0.1,1,1,0.91992,0.107437,rg_back,0.737276,100,92,100,91,100,93,100,94,100,95,88,88,100,99,100,96
0,OK,200,0.152906,0.2,1,1,0.957722,0,rg_back,0.578197,100,92,100,93,85,93,100,91,100,96,100,92,100,99,100,97
0,OK,200,0.188093,0.1,1,0.999795,0.765556,0,rg_back,0.594054,63,62,100,88,75,86,100,90,100,89,86,89,100,0,86,96
0,OK,200,0.170451,0.4,1,1,0.994556,0,rg_back,0.755218,100,94,100,98,100,97,93,97,100,98,100,98,100,99,100,96
0,OK,200,0.197332,0.1,1,1,0.894261,0,rg_front,0.480097,88,69,100,87,80,77,56,89,100,96,83,84,100,86,100,90
0,OK,200,0.184581,0.1,1,1,0.850213,0,rg_back,0.503415,100,82,100,81,94,92,92,95,100,75,100,93,100,98,100,93
0,OK,200,0.134044,0.2,1,0.997602,0.955908,0,rg_front,0.475111,100,72,86,83,100,81,96,82,100,85,94,88,0,97,92,88
0,OK,200,0.189561,0.1,1,0.991543,0.9018,0,rg_front,0.442009,75,71,100,90,95,98,95,97,100,95,100,98,100,0,100,94
0,OK,200,0.200636,0.1,1,1,0.922033,0,rg_back,0.495593,100,93,100,93,100,96,97,97,71,91,100,98,100,87,100,94
0,Tamanho em disco,300,0.176938,0.5,-1,-1,-1,-1,rg_back,0.809157,67,48,43,54,67,79,79,80,100,77,88,68,100,85,50,66
0,OK,200,0.145138,0.1,1,0.99067,0.993226,0,rg_back,0.69563,100,82,88,87,0,0,30,93,25,83,100,94,100,0,100,91
0,OK,200,0.170772,0.1,1,0.99835,0.817526,0,rg_back,0.413893,75,46,67,50,5,46,35,85,0,0,28,74,82,70,88,81
0,Profundidade de cor,300,0.16308,0.3,-1,-1,-1,-1,rg_back,0.770712,100,85,100,89,0,0,20,96,100,96,92,92,100,96,100,95
0,OK,200,0.149269,0.5,1,0.97724,0.955108,0,rg_back,0.470626,38,63,57,79,75,87,95,90,100,93,95,87,100,0,60,73
0,OK,200,0.201671,0.1,1,1,0.991913,0,rg_front,0.623083,100,92,100,93,78,96,96,97,100,97,100,97,100,96,100,98
0,OK,200,0.188017,0.1,1,0.999882,0.958661,0,rg_front,0.649691,100,87,100,91,100,97,95,98,100,97,95,96,100,0,100,97
0,OK,200,0.209418,0.2,1,0.99988,0.823392,0,rg_back,0.453554,100,88,100,73,58,93,96,95,100,95,100,95,100,92,80,89
0,OK,200,0.170317,0.3,1,0.986168,0.943627,0,rg_back,0.456602,100,82,100,89,100,96,96,96,100,97,100,97,100,98,60,90
0,OK,200,0.166228,0.1,1,0.999392,0.976572,0,rg_back,0.431355,100,85,25,23,24,86,46,97,17,81,100,98,100,93,100,99
0,OK,200,0.171254,0.1,1,0.998931,0.970145,0,rg_back,0.5652,100,68,88,58,100,94,100,95,100,92,96,94,100,0,100,81
0,OK,200,0.177432,0.1,1,0.999468,0.937125,0,rg_front,0.5461,100,95,100,92,100,95,100,96,100,96,96,94,100,0,100,98
0,OK,200,0.125607,0.1,1,1,0.960058,0,rg_back,0.335734,100,80,100,91,100,96,100,98,100,98,100,96,0,87,80,95
0,OK,200,0.170088,0.1,1,0.980729,0.839484,0,rg_front,0.482521,100,58,67,60,93,83,96,86,100,86,88,84,100,0,70,78
0,OK,200,0.175366,0.3,1,1,0.927377,0,rg_back,0.735503,100,94,43,78,100,96,95,94,100,97,100,96,100,0,100,98
0,OK,200,0.153922,0.3,1,0.999604,0.987958,0,rg_back,0.44743,100,82,100,94,100,98,100,94,100,96,100,98,100,97,100,98
0,OK,200,0.177583,0.1,1,1,0.989326,0,rg_back,0.627449,100,62,100,71,86,83,90,81,100,81,55,83,0,89,80,78
0,OK,200,0.147321,0.1,1,1,0.946183,0,rg_back,0.508514,22,36,38,32,0,45,16,74,36,78,12,63,100,0,64,72
0,OK,200,0.15703,0.4,1,0.993575,0.994351,0,rg_back,0.24465,100,83,86,91,100,97,100,98,100,93,100,97,100,0,100,91
0,OK,200,0.174374,0.1,1,0.970593,0.877314,0,rg_front,0.516807,100,93,100,96,100,95,96,95,100,95,100,95,100,0,80,93
0,OK,200,0.14192,0.1,1,0.994243,0.988768,0,rg_back,0.367908,100,88,88,92,100,96,89,95,100,95,93,96,100,98,100,96
0,OK,200,0.181339,0.1,1,0.965717,0.936551,0,rg_back,0.322552,100,91,86,93,95,94,92,96,100,96,100,96,100,99,100,92
0,OK,200,0.161522,0.1,1,1,0.98543,0,rg_back,0.494609,100,89,100,93,100,99,100,98,100,98,100,99,100,0,100,94
0,OK,200,0.171415,0.1,1,0.96022,0.867908,0,rg_front,0.312795,100,70,100,75,64,77,95,89,25,78,0,0,100,0,0,0
0,OK,200,0.165387,0.1,1,0.998823,0.938002,0,rg_back,0.603666,100,89,86,95,100,0,100,98,100,97,100,97,100,0,100,95
0,OK,200,0.154075,0.1,1,0.981122,0.985178,0,rg_front,0.684801,88,85,86,92,76,95,95,98,100,97,100,98,100,99,100,97
0,OK,200,0.19759,0.3,1,1,0.975864,0,rg_back,0.526398,100,84,100,93,100,98,100,98,100,98,97,97,100,0,100,95
0,OK,200,0.159049,0.1,1,0.998974,0.998809,0,rg_front,0.572331,100,66,88,72,87,91,96,99,100,91,90,98,0,0,100,86
0,OK,200,0.197553,0.1,1,1,0.93735,0,rg_front,0.685967,100,94,100,94,100,97,100,97,100,98,90,93,100,97,100,97
0,OK,200,0.160088,0.4,1,1,0.855187,0,rg_back,0.286542,100,80,100,93,100,98,100,98,100,96,100,97,100,0,80,93
0,OK,200,0.185344,0.2,1,0.996547,0.985316,0,rg_back,0.725619,100,83,100,80,90,90,96,97,100,97,85,95,100,92,91,88
0,OK,200,0.220645,0.5,1,0.975247,0.815462,0,rg_front,0.256219,44,58,100,78,79,81,45,79,100,81,72,78,0,0,63,89
0,OK,200,0.156518,0.1,1,0.987047,0.869731,0,rg_back,0.403868,100,70,100,84,87,87,76,90,100,95,100,93,0,97,60,96
0,OK,200,0.15489,0.1,1,1,0.99381,0,rg_back,0.418664,100,88,100,95,100,94,83,98,100,98,100,97,100,95,91,95
0,OK,200,0.162902,0.1,1,1,0.899798,0,rg_back,0.421193,100,83,100,92,100,95,94,97,100,94,100,98,100,0,80,93
0,OK,200,0.126601,0.1,1,0.999724,0.65637,0,rg_back,0.315313,100,78,100,95,100,97,100,95,100,99,100,98,0,89,100,95
0,OK,200,0.132034,0.1,1,0.998915,0.992251,0,rg_back,0.501618,100,95,86,95,100,96,96,96,100,95,93,92,100,99,100,94
0,OK,200,0.12706,0.1,1,1,0.989748,0,rg_front,0.294079,100,76,86,85,95,97,87,97,100,97,85,89,100,96,100,95
0,OK,200,0.143909,0.5,1,0.966886,0.886062,0,rg_back,0.601314,100,90,100,89,37,89,95,88,100,95,28,74,100,0,100,94
0,OK,200,0.158429,0.3,1,1,0.941575,0,rg_back,0.771512,100,89,11,38,24,88,43,87,0,0,95,94,100,99,100,97
0,OK,200,0.17417,0.2,1,0.995344,0.739727,0,rg_back,0.50074,100,82,100,87,100,97,100,98,100,95,100,99,100,0,100,86
0,OK,200,0.176542,0.1,1,0.999172,0.919177,0,rg_back,0.741006,100,76,67,65,81,83,100,93,100,85,88,84,100,0,0,0
0,OK,200,0.171827,0.1,1,0.998304,0.967936,0,rg_back,0.656255,100,88,100,94,95,97,95,96,100,97,100,96,100,96,63,96
0,OK,200,0.176887,0.1,1,0.998072,0.958388,0,rg_front,0.569931,100,93,100,76,94,94,100,95,100,97,95,95,100,92,100,95
0,OK,200,0.135252,0.3,1,0.999906,0.970505,0,rg_back,0.456296,100,76,55,67,85,83,75,78,0,0,77,80,0,0,100,85
0,OK,200,0.191026,0.5,1,0.972228,0.879152,0,rg_back,0.450079,100,83,100,94,0,0,100,98,100,97,50,94,100,0,100,90
0,OK,200,0.162972,0.2,1,0.988495,0.889333,0,rg_back,0.398339,100,79,100,94,79,94,100,94,100,96,93,94,100,92,90,88
0,OK,200,0.167243,0.2,1,1,0.984874,0,rg_back,0.746747,100,91,100,95,95,97,100,97,100,97,100,97,100,94,100,99
0,OK,200,0.160352,0.3,1,1,0.984527,0,rg_back,0.652427,100,92,100,95,100,98,95,97,100,96,100,96,100,99,100,98
0,OK,200,0.151832,0.1,1,0.986944,0.937961,0,rg_back,0.536065,100,77,100,93,95,91,89,95,100,96,93,96,100,0,100,98
0,OK,200,0.146426,0.1,1,1,0.949114,0,rg_back,0.56104,100,89,100,91,59,76,97,92,100,88,100,96,100,99,100,96
0,OK,200,0.150334,0.1,1,0.994684,0.950718,0,rg_back,0.394738,100,93,100,94,100,98,100,97,100,97,77,96,0,90,100,98
0,OK,200,0.139631,0.1,1,0.997332,0.976846,0,rg_back,0.515299,11,42,100,85,82,87,96,87,100,81,79,85,100,0,100,93
0,OK,200,0.155811,0.9,1,0.981473,0.966224,0,rg_back,0.420445,75,82,100,73,0,42,29,76,0,0,39,76,0,0,100,92
0,OK,200,0.140807,0.1,1,1,0.980643,1,rg_back,0.698582,100,92,100,92,0,0,27,85,0,0,79,85,100,95,67,94
0,OK,200,0.150195,0.1,1,0.982177,0.861765,0,rg_back,0.495525,100,90,100,94,100,94,94,98,0,0,100,95,100,0,100,97
0,OK,200,0.116139,0.1,1,1,1,1,rg_back,0.448437,100,93,100,94,88,90,100,97,100,95,91,95,100,98,100,98
0,OK,200,0.137009,0.1,1,0.979606,0.90767,0,rg_back,0.618066,33,77,50,64,26,69,47,67,100,82,63,71,9,91,75,91
0,OK,200,0.19333,0.5,1,0.995511,0.811778,0,rg_back,0.46971,100,89,100,71,67,80,100,93,100,81,56,75,100,99,75,88
0,OK,200,0.162183,0.4,1,0.995482,0.961637,0,rg_back,0.687772,100,80,100,72,80,88,100,98,50,92,81,94,100,0,90,87
0,OK,200,0.172633,0.3,1,1,0.988773,0,rg_back,0.77385,100,92,88,93,88,95,100,97,100,92,100,95,100,0,100,94
0,OK,200,0.115581,0.5,1,1,0.947088,0,rg_back,0.521426,100,77,56,73,83,82,96,88,100,95,85,89,100,0,50,85
0,OK,200,0.174249,0.1,1,0.99775,0.744457,0,rg_back,0.488572,75,47,25,23,20,66,0,0,56,71,68,68,64,99,0,0
0,OK,200,0.196468,0.2,1,0.943305,0.70104,0,rg_back,0.359459,88,90,100,93,100,97,96,97,100,94,100,96,100,0,60,87
0,OK,200,0.133789,0.1,1,0.996409,0.943928,0,rg_back,0.362121,100,96,0,0,100,96,97,95,100,90,100,95,100,99,100,97
0,OK,200,0.798255,0.4,1,0.99996,0.90579,0,rg_back,0.613682,100,86,50,66,100,90,89,88,100,75,92,86,100,93,63,67
0,OK,200,0.187569,0.7,1,1,0.97576,0,rg_back,0.649783,100,95,0,0,100,98,96,98,100,95,100,96,100,99,100,97
0,OK,200,0.132072,0.3,1,1,0.860181,0,rg_back,0.571428,88,85,100,90,0,95,38,85,100,99,100,97,100,98,100,98
0,OK,200,0.148205,0.5,1,1,0.992403,0,rg_back,0.587847,100,93,100,91,100,98,100,96,100,99,100,97,100,99,100,96
0,OK,200,0.121718,0.1,1,1,0.969055,0,rg_back,0.549413,100,96,100,97,0,96,100,97,100,97,100,96,100,99,100,97
0,OK,200,0.155408,0.2,1,1,0.885072,0,rg_front,0.30289,75,61,88,66,100,93,100,95,100,96,92,94,100,0,100,79
0,OK,200,0.139044,0.6,1,1,0.996361,1,rg_back,0.598934,88,86,0,0,5,69,20,96,0,0,81,96,100,99,100,97
0,OK,200,0.139843,0.1,1,0.999206,0.933884,0,rg_back,0.475641,100,81,100,83,69,87,90,89,78,91,100,90,100,93,100,95
0,OK,200,0.133498,0.1,1,1,0.993322,1,rg_back,0.411638,75,95,0,0,12,72,57,97,0,0,100,96,100,0,100,98
0,OK,200,0.14001,0.1,1,1,1,1,rg_back,0.485513,100,95,100,96,100,0,100,97,100,98,100,96,100,99,100,98
0,OK,200,0.116601,0.5,1,1,0.843522,0,rg_back,0.503785,100,80,13,44,78,86,100,92,100,78,100,96,100,0,80,90
0,OK,200,0.140172,0.1,1,1,0.908616,0,rg_back,0.539215,100,82,100,88,100,93,100,93,100,93,100,93,100,0,60,84
0,OK,200,0.149876,0.1,1,0.992214,0.952581,0,rg_back,0.489123,100,87,0,0,0,79,100,97,0,0,83,97,100,83,100,86
0,OK,200,0.14776,0.3,1,0.999306,0.973266,0,rg_back,0.306026,100,77,100,90,100,96,100,95,100,94,94,94,100,99,100,93
0,OK,200,0.173085,0.2,1,0.983511,0.92238,0,rg_back,0.401987,100,75,100,89,79,94,100,98,100,95,100,95,100,0,100,97
0,OK,200,0.187395,0.2,1,1,0.973774,0,rg_back,0.58948,100,81,100,90,100,95,100,94,100,95,100,96,100,86,100,93
0,OK,200,0.180777,1.5,1,1,0.919348,0,rg_back,0.349107,100,92,88,92,100,98,100,97,100,98,100,97,100,0,100,98
0,OK,276,0.141617,0.1,1,0.998665,0.910714,0,rg_back,0.632798,100,89,100,89,96,92,100,93,100,91,100,95,100,91,90,84
0,OK,200,0.173773,0.2,1,1,0.978087,0,rg_front,0.668462,100,84,100,90,73,94,100,95,100,94,100,94,100,99,100,94
0,OK,200,0.14746,0.2,1,1,0.950733,0,rg_front,0.404035,100,74,100,77,80,79,87,86,100,92,85,90,100,0,100,83
0,OK,200,0.13149,0.7,1,0.99999,0.984426,0,rg_back,0.509115,100,97,38,57,0,0,36,96,100,97,100,96,100,99,100,98
0,OK,200,0.175737,0.3,1,0.999951,0.961716,0,rg_front,0.536952,100,82,100,82,97,91,100,94,100,92,96,88,100,84,100,87
0,OK,200,0.138468,0.2,1,1,0.979491,0,rg_back,0.502445,100,92,100,98,100,98,96,97,100,98,100,98,100,99,100,98
0,OK,200,0.159658,0.1,1,0.996534,0.959935,0,rg_back,0.520633,100,96,100,96,83,98,100,97,100,98,100,97,100,99,100,99
0,OK,200,0.172332,0.5,1,0.999625,0.994087,0,rg_back,0.550958,100,94,100,97,100,97,100,97,100,99,100,97,100,99,100,98
0,OK,200,0.145931,0.5,1,0.990411,0.893325,0,rg_back,0.603253,88,78,50,59,0,85,100,96,100,99,100,97,100,99,100,97
0,OK,200,0.139935,0.1,1,1,0.978023,0,rg_back,0.516743,100,97,100,96,0,0,15,98,100,98,100,98,100,99,100,98
0,OK,200,0.185879,0.3,1,1,0.9802,0,rg_back,0.542219,100,96,100,97,75,97,100,96,100,99,94,95,100,99,100,98
0,OK,200,0.153739,0.2,1,1,0.915849,0,rg_back,0.527346,100,93,100,93,100,98,100,97,100,99,100,98,100,0,100,98
0,OK,200,0.140432,0.5,1,1,0.984232,0,rg_back,0.561046,100,96,100,97,100,97,100,97,100,97,90,94,100,100,100,98
0,OK,200,0.152221,0.6,1,0.99999,0.845538,0,rg_back,0.760528,100,72,100,83,83,76,86,83,100,87,8,73,100,0,100,86
0,OK,221,0.145363,0.3,1,0.997404,0.942455,0,rg_back,0.549539,100,85,100,86,72,91,29,88,11,81,94,88,100,0,100,82
0,OK,200,0.143368,0.2,1,0.999982,0.992417,0,rg_back,0.537755,88,65,100,76,100,94,100,91,100,94,95,90,100,0,100,80
0,OK,200,0.133111,0.1,1,1,0.999431,0,rg_back,0.610011,100,93,100,93,100,98,96,97,100,99,100,95,100,99,100,97
0,OK,200,0.174918,0.3,1,0.999972,0.939595,0,rg_front,0.4214,63,27,100,90,100,92,92,91,100,93,93,87,100,92,90,85
0,OK,200,0.172771,0.5,1,1,0.780218,0,rg_back,0.617379,100,78,100,74,75,94,100,92,100,90,100,93,0,96,67,79
0,OK,200,0.188225,0.1,1,1,0.935353,0,rg_front,0.699465,100,93,100,95,100,98,100,98,100,98,92,94,100,98,100,93
0,OK,200,0.103968,0.4,1,1,0.99434,0,rg_back,0.774603,100,96,100,98,100,98,100,98,100,99,100,98,100,0,100,98
0,OK,200,0.146561,0.2,1,0.994404,1,0,rg_back,0.604722,100,86,100,88,100,94,100,93,100,94,97,95,100,98,88,86
0,OK,200,0.158155,0.1,1,1,0.987324,0,rg_back,0.770829,100,77,100,81,100,86,100,91,100,90,100,90,0,90,100,85
0,OK,200,0.0953671,0.3,1,1,1,1,rg_back,0.504168,88,86,88,81,100,97,100,97,100,98,100,98,100,94,100,97
0,OK,200,0.124464,0.1,1,0.996563,0.995824,0,rg_back,0.561947,100,89,100,89,75,94,100,96,100,97,100,95,0,0,100,94
0,OK,200,0.176952,0.1,1,1,0.970668,0,rg_back,0.538913,100,85,100,93,100,94,100,95,100,97,84,96,100,0,100,98
0,OK,200,0.280428,0.5,1,0.944641,0.763823,0,rg_back,0.541412,100,57,67,75,100,0,39,86,100,78,90,84,100,98,57,68
0,OK,200,0.203815,0.1,1,0.999969,1,1,rg_back,0.305437,67,67,100,89,100,0,95,91,100,91,89,95,100,0,100,96
0,OK,200,0.170363,0.1,1,1,0.994426,1,cnh,0.504615,100,85,100,88,16,78,43,66,100,85,68,75,0,0,100,94
0,OK,200,0.108571,0.4,1,1,1,1,rg_back,0.380514,0,0,0,0,0,0,0,0,0,0,0,0,0,0,0,0
0,OK,200,0.161719,0.1,1,1,0.967694,0,rg_back,0.750087,100,75,88,72,47,92,39,85,100,92,100,96,0,90,100,95
0,OK,200,0.162467,0.3,1,0.982883,0.909328,0,rg_back,0.309513,50,48,86,75,100,91,96,92,100,92,100,94,100,79,100,80
0,OK,200,0.1754,0.1,1,1,0.969884,0,rg_front,0.569314,100,85,75,88,100,95,96,96,100,95,100,95,100,90,100,92
0,OK,200,0.192109,0.2,1,1,0.993953,1,rg_front,0.580114,100,66,86,90,100,94,100,94,100,95,100,96,100,86,100,93
0,OK,200,0.152615,0.1,1,0.999634,0.8681,0,rg_front,0.300783,50,54,88,84,100,94,82,94,100,94,100,92,100,0,100,84
0,OK,200,0.173518,0.1,1,1,0.997418,0,rg_back,0.573501,100,82,86,84,100,96,100,94,100,95,100,96,100,0,100,82
0,OK,220,0.164008,0.5,1,0.984991,0.804909,0,rg_back,0.337684,75,68,100,75,96,93,95,91,100,89,95,91,100,89,75,75
0,OK,200,0.159303,0.5,1,0.997317,0.9051,0,rg_back,0.334347,100,90,100,93,100,98,100,98,100,97,95,94,100,99,70,90
0,OK,200,0.164056,0.1,1,1,0.990942,0,rg_back,0.588611,100,80,100,86,68,91,100,93,100,95,100,91,73,79,100,84
0,OK,200,0.149004,0.1,1,0.999002,0.990836,0,rg_back,0.516175,100,92,100,94,100,97,100,97,100,98,100,96,100,0,100,97
0,OK,200,0.137805,0.1,1,1,0.98363,0,rg_back,0.519715,100,95,100,97,100,0,100,98,100,98,95,95,100,0,100,98
0,OK,200,0.243696,0.3,1,0.963634,0.928727,0,rg_back,0.50783,100,55,100,92,78,95,96,95,71,94,96,93,100,92,46,82
0,OK,200,0.221271,0.5,1,0.992139,0.976928,0,rg_back,0.342798,100,71,100,85,78,91,92,92,100,92,100,93,0,91,85,88
0,OK,200,0.146129,0.1,1,1,0.874762,0,rg_back,0.392647,100,95,100,94,69,99,93,98,100,97,100,99,100,90,91,92
0,OK,200,0.183428,0.1,1,1,0.98882,1,rg_front,0.695551,100,80,38,17,0,0,33,97,0,0,100,92,100,87,60,84
0,OK,200,0.689006,1,1,0.988476,0.759874,0,rg_front,0.273783,100,91,86,94,94,96,100,99,100,95,87,95,0,89,100,85
0,OK,200,0.152655,0.2,1,0.958093,0.951725,1,rg_front,0.310635,100,87,86,88,93,93,89,86,100,96,93,91,100,0,90,87
0,OK,200,0.163224,0.3,1,0.998881,0.977496,0,rg_back,0.479416,0,0,86,91,0,0,100,98,100,97,50,98,100,0,0,0
0,OK,200,0.127227,0.1,1,0.993832,0.999266,0,rg_back,0.371227,100,84,100,87,100,93,100,88,100,88,96,94,100,91,60,81
0,OK,200,0.19447,0.1,1,0.999043,0.832526,0,rg_back,0.410387,100,68,100,92,81,77,92,83,100,90,88,91,100,99,86,98
0,OK,200,0.179171,0.3,1,0.957937,0.773,0,rg_back,0.344325,0,0,38,49,10,79,48,80,38,75,95,91,0,0,100,94
0,OK,200,0.192218,0.1,1,1,0.998895,1,rg_back,0.55366,100,90,100,91,44,83,90,94,100,96,95,96,100,99,100,99
0,OK,200,0.184757,0.1,1,0.99983,0.920673,0,rg_back,0.502377,100,83,100,91,88,94,90,95,100,95,96,93,100,0,100,99
0,OK,200,0.1837,0.3,1,1,0.895252,0.129113,rg_back,0.494047,100,85,100,92,47,66,100,87,100,88,96,89,100,99,100,94
0,OK,200,0.127355,0.1,1,0.980107,1,1,rg_back,0.705022,100,64,100,79,89,83,5,72,100,85,68,73,100,0,100,86
0,OK,200,0.229227,0.4,1,0.991865,0.80604,0,rg_back,0.391676,75,61,100,88,70,79,85,88,0,0,26,59,0,89,100,86
0,OK,200,0.188416,0.2,1,0.991888,0.872187,0,rg_back,0.329774,100,79,88,92,76,96,95,96,100,94,79,92,100,0,85,92
0,OK,200,0.30656,0.2,1,0.995502,0.964952,0,rg_back,0.48177,25,18,33,28,0,54,12,78,0,0,25,62,100,0,0,0
0,OK,200,0.127509,0.2,1,1,0.937946,0,rg_front,0.304317,100,85,0,0,95,97,53,96,0,0,100,97,100,99,100,89
0,OK,200,0.226266,1,1,0.998736,0.980596,0,rg_back,0.392471,25,46,86,92,41,68,42,75,56,76,21,68,100,0,0,0
0,OK,200,0.129077,0.3,1,0.999981,1,1,rg_back,0.476232,50,64,100,76,0,63,100,80,100,85,95,81,100,0,88,71
0,OK,200,0.0895554,0.4,1,1,1,1,rg_back,0.473954,100,88,100,78,50,89,32,82,100,91,100,90,100,0,100,88
0,OK,200,0.155842,0.1,1,0.999759,0.953139,0,rg_back,0.346807,100,85,86,92,100,90,96,94,100,94,100,87,100,0,90,88
0,OK,200,0.19118,0.1,1,1,0.904686,0,rg_back,0.4908,100,92,100,92,78,95,97,96,100,98,100,97,100,99,100,97
0,OK,200,0.147816,0.1,1,1,0.976889,0.453719,rg_back,0.506748,100,84,78,91,76,85,100,90,100,94,100,91,100,0,78,78
0,OK,200,0.162471,0.1,1,1,0.997993,1,rg_back,0.487514,100,96,100,96,100,97,90,95,100,98,100,95,100,99,89,97
0,OK,200,0.138953,0.1,1,0.99996,0.97962,0,rg_back,0.575683,100,95,100,95,100,96,100,97,100,98,88,94,100,99,100,98
0,OK,200,0.214416,0.1,1,1,1,1,rg_back,0.723005,100,93,100,77,79,94,96,91,100,92,100,97,100,95,100,97
0,OK,200,0.129054,0.6,1,1,0.983749,0,rg_back,0.566235,100,81,100,86,0,65,95,82,27,77,100,96,100,81,100,88
0,OK,200,0.186072,0.4,1,1,0.935325,0.313186,rg_back,0.553023,100,97,100,86,100,94,64,92,100,92,100,98,100,99,100,96
0,OK,200,0.128551,0.9,1,0.976344,0.923506,0,rg_back,0.377273,100,94,100,86,100,97,86,99,100,91,95,97,0,89,80,87
0,OK,200,0.201481,0.1,1,0.991837,0.970615,0,rg_back,0.657462,100,91,100,95,100,97,96,98,100,94,100,96,100,0,100,94
0,OK,200,0.207906,1,1,0.983802,0.815256,0,rg_back,0.497075,50,39,100,76,25,68,29,89,0,0,100,76,100,0,78,89
0,OK,200,0.132388,0.1,1,0.989021,0.812765,0,rg_back,0.308595,0,0,100,82,0,0,89,83,100,83,33,84,0,0,0,0
0,OK,200,0.135183,0.5,1,0.984001,0.958255,0,rg_back,0.325341,67,74,100,88,100,96,93,94,100,92,100,93,100,99,100,94
0,OK,200,0.165863,0.1,1,0.999673,0.891974,0,rg_back,0.659881,100,94,88,88,100,87,100,97,100,87,92,93,100,0,100,82
0,OK,200,0.185406,0.4,1,0.999879,0.894952,0,rg_back,0.740681,100,76,100,81,0,0,40,90,0,0,94,92,100,0,86,82
0,OK,200,0.198429,0.4,1,0.985938,0.85192,0,rg_back,0.437343,100,84,100,88,47,77,73,80,100,93,68,81,100,0,100,96
0,OK,200,0.182746,0.1,1,1,1,1,rg_back,0.407314,100,88,100,93,100,0,94,91,100,98,76,93,100,0,88,91
0,OK,200,0.161574,0.1,1,1,0.995587,0.833923,rg_back,0.552333,100,90,100,94,100,90,100,93,100,92,100,93,100,99,100,93
0,OK,200,0.145172,0.6,1,0.999982,0.979574,0,rg_back,0.421207,100,82,100,86,32,94,32,79,100,91,77,97,100,0,100,91
0,OK,200,0.152394,0.3,1,0.999505,0.8556,0,rg_back,0.506171,100,91,100,93,88,80,96,90,100,94,68,77,100,99,88,94
0,OK,200,0.779264,1.2,1,0.97207,0.682614,0,rg_back,0.402808,100,66,100,68,77,78,84,93,100,90,84,84,0,93,57,66
0,OK,200,0.549828,1,1,0.762105,0.70038,0,rg_front,0.298792,75,77,100,79,20,77,0,0,0,0,0,0,0,0,71,62
0,OK,200,0.224378,0.1,1,0.999455,0.88761,0,rg_back,0.320248,100,81,100,91,100,88,88,87,100,86,71,76,100,99,0,0
0,OK,200,0.176422,0.1,1,0.964796,0.922565,0,rg_front,0.583145,100,84,100,92,96,87,96,91,100,94,96,90,100,0,100,94
0,OK,200,0.151885,0.1,1,0.999807,0.986124,0,rg_back,0.381887,100,90,100,88,73,93,80,93,100,95,100,92,100,99,100,94
0,OK,200,0.167404,0.6,1,0.999817,0.83559,0.113357,rg_back,0.489053,100,94,100,82,43,80,100,91,100,88,96,87,100,0,100,96
0,OK,200,0.187674,0.1,1,0.999852,0.894318,0,rg_front,0.526407,100,76,100,91,88,90,94,96,100,96,100,94,100,0,100,92
0,OK,200,0.202849,1,1,0.989998,0.858824,0.598743,rg_front,0.502173,100,90,100,91,95,91,95,88,100,95,89,85,100,99,100,93
0,OK,200,0.204833,1,1,0.998875,0.846572,0,rg_back,0.512963,100,89,100,91,80,93,95,95,100,94,96,94,100,99,100,96
0,OK,200,0.153106,0.3,1,0.955589,0.870355,0,rg_back,0.389651,75,74,100,83,0,0,46,92,10,78,81,92,100,0,100,91
0,OK,200,0.124285,0.3,1,0.995123,0.981848,0,rg_back,0.613271,100,81,100,89,86,93,83,85,100,95,81,84,100,0,100,94
0,OK,200,0.162996,0.3,1,0.983451,0.874542,0,rg_back,0.495515,100,85,100,80,100,94,100,89,100,95,88,93,100,0,100,93
0,OK,200,0.137253,1,1,0.999922,0.997109,0,rg_back,0.643066,100,87,100,90,100,0,95,93,100,96,100,92,100,0,100,97
0,OK,200,0.188871,0.2,1,0.983176,0.872642,0,rg_back,0.431907,100,81,100,92,0,100,100,87,100,93,96,90,100,0,86,93
0,OK,200,0.212853,2,1,0.987079,0.798684,0,rg_back,0.485724,75,67,100,92,95,73,94,93,100,93,83,85,100,0,100,94
0,OK,200,0.171584,0.3,1,1,1,0,rg_back,0.504848,100,93,100,93,100,0,100,98,100,99,100,96,100,0,100,90
0,OK,200,0.16581,0.1,1,0.984911,0.968687,0,rg_front,0.276347,100,80,100,85,100,91,97,90,100,81,42,80,0,89,100,86
0,OK,200,0.170737,0.1,1,1,0.949833,0,rg_back,0.723632,100,94,100,92,100,95,94,94,100,93,100,94,100,99,100,98
0,OK,200,0.118057,0.2,1,1,0.870433,0,rg_back,0.426811,100,95,100,98,100,98,93,98,100,99,100,98,0,89,100,97
0,OK,200,0.153088,0.3,1,0.961091,0.899445,0,rg_back,0.42149,100,95,100,67,100,94,93,96,100,91,100,99,100,0,86,80
0,OK,200,0.177419,0.1,1,0.980886,0.851005,0,rg_back,0.380368,100,88,100,88,0,59,89,95,100,99,100,97,100,99,100,97
0,OK,200,0.142154,0.1,1,1,0.983906,0,rg_back,0.349419,88,78,67,60,100,95,95,98,100,93,100,99,100,0,100,99
0,OK,200,0.162273,0.3,1,1,0.99837,0,rg_back,0.679597,100,90,100,93,96,92,96,95,100,91,100,93,73,71,70,91
0,OK,200,0.116964,0.1,1,0.99796,0.993865,0,rg_back,0.65624,100,85,100,92,96,97,55,89,100,97,100,94,100,0,100,95
0,OK,200,0.185885,0.1,1,0.997516,0.829193,0.491788,rg_back,0.2659,100,89,100,97,92,91,100,92,100,89,80,90,100,0,100,97
0,OK,200,0.140529,1.3,1,0.992992,0.943232,0,rg_back,0.469813,100,77,100,85,100,94,89,95,100,89,100,93,100,0,100,95
0,OK,200,0.271988,0.1,1,0.979022,0.64114,0,rg_back,0.442689,100,89,88,80,42,80,23,96,100,97,100,90,100,0,69,75
0,OK,200,0.798307,0.8,1,0.999393,0.335301,0,rg_back,0.385247,63,47,38,78,72,74,12,53,44,79,80,75,0,89,88,72
0,OK,200,0.375299,0.4,1,0.182146,0.756334,0,rg_back,0.407233,88,51,100,53,11,56,14,87,0,0,15,69,100,0,0,0
0,OK,200,0.165543,0.1,1,1,0.998256,0,cnh,0.465622,100,83,100,87,96,87,25,82,100,91,100,91,100,0,100,88
0,OK,200,0.143114,0.1,1,0.999415,0.977792,0,rg_back,0.462149,67,65,100,86,94,85,91,80,100,82,96,85,100,83,100,79
0,OK,200,0.207231,0.1,1,0.999628,0.987768,1,rg_front,0.417094,100,85,100,90,100,95,100,96,100,96,100,94,100,0,86,86
0,OK,200,0.223972,0.2,1,0.963571,0.948893,0,rg_back,0.353013,100,71,50,42,44,75,50,64,100,79,80,76,100,0,100,42
0,OK,200,0.181228,0.5,1,0.997203,0.985698,1,rg_back,0.274606,88,57,0,0,0,64,8,70,0,0,0,0,100,0,71,71
0,OK,200,0.199139,0.1,1,0.991801,0.808015,0,rg_back,0.477229,100,82,100,96,100,94,100,95,100,96,81,96,100,0,100,98
0,OK,200,0.783869,0.1,1,0.814768,0.437523,0,rg_back,0.575961,83,52,56,66,14,70,39,74,100,75,14,73,100,0,0,0
0,OK,200,0.246295,0.1,1,0.999873,0.872777,0,rg_front,0.399939,0,0,100,78,80,95,77,94,100,94,77,88,100,0,0,0
0,OK,200,0.144151,0.6,1,0.990677,0.961938,0,rg_back,0.362861,100,69,100,85,15,86,100,87,100,83,96,95,100,0,100,87
0,OK,200,0.178507,0.4,1,1,0.871665,0,rg_back,0.514012,100,78,100,78,26,75,68,78,100,71,77,87,100,0,100,87
0,OK,200,0.179103,0.1,1,1,0.994905,1,rg_back,0.683608,100,90,100,93,0,67,92,90,100,97,95,91,100,98,91,96
0,OK,200,0.174139,0.5,1,0.990698,0.789411,0.282015,rg_back,0.506512,100,79,67,65,95,74,12,81,100,88,82,77,100,0,100,73
0,OK,200,0.0933565,0.5,1,1,0.988641,0,rg_back,0.431325,100,83,67,68,54,72,61,71,100,73,32,69,100,0,63,66
0,OK,200,0.109706,0.1,1,0.971752,0.973948,1,rg_back,0.495327,75,71,20,49,0,0,0,0,0,0,65,74,100,0,0,0
0,OK,200,0.167847,0.1,1,1,0.996478,0,rg_back,0.485673,100,96,100,99,100,98,100,98,100,99,100,96,100,99,100,99
0,OK,200,0.146158,0.1,1,0.998731,0.9948,0,rg_back,0.42887,100,92,0,0,100,94,90,93,36,84,100,92,100,99,100,96
0,OK,200,0.154584,1,1,0.99997,0.957141,0,rg_back,0.581448,88,53,88,56,64,82,90,81,100,83,89,90,100,0,57,68
0,OK,200,0.168995,0.2,1,0.99999,0.960809,0.327251,rg_back,0.582798,100,77,100,84,90,82,100,91,100,80,92,97,82,99,100,92
0,OK,200,0.157442,0.1,1,1,1,1,rg_back,0.422672,100,90,100,94,100,92,100,92,100,86,95,96,100,99,100,99
0,OK,200,0.164084,0.5,1,0.998847,0.930531,0,rg_back,0.759806,100,77,100,82,0,100,22,69,0,0,100,92,100,79,0,0
0,OK,200,0.196944,0.1,1,0.998122,0.93385,0,rg_front,0.491452,100,91,100,92,100,93,94,89,100,85,62,77,100,99,100,92
0,OK,200,0.193519,0.1,1,1,0.984643,0,rg_back,0.551773,100,95,100,98,100,97,100,98,100,97,100,98,100,99,100,99
0,OK,200,0.169832,0.1,1,1,0.891961,0,rg_back,0.493659,50,63,56,72,100,98,86,97,100,97,100,97,100,99,100,96
0,OK,200,0.143641,0.1,1,0.999992,0.791708,0,cnh_top,0.440626,100,95,100,85,100,97,100,97,100,93,100,97,100,0,100,93
0,OK,200,0.153464,0.1,1,1,0.898697,0,rg_back,0.538391,100,90,100,92,94,94,100,90,100,97,95,94,100,99,100,97
0,OK,200,0.149888,0.2,1,0.99928,0.844276,0,rg_front,0.310338,100,70,100,68,100,88,100,91,100,92,100,91,100,0,100,86
0,OK,200,0.168255,0.3,1,0.982226,0.99916,1,rg_back,0.502774,63,65,100,94,39,93,21,93,100,97,100,96,0,89,100,92
0,OK,200,0.141069,0.1,1,1,0.977774,0,rg_front,0.33236,100,92,0,0,100,89,50,93,27,86,91,88,100,94,100,97
0,OK,200,0.14534,1,1,1,0.984081,0,rg_back,0.543787,100,84,75,84,84,84,95,87,100,65,90,79,100,99,100,94
0,OK,200,0.108739,0.2,1,0.999869,0.960588,0,cnh_top,0.304452,38,42,0,0,100,0,0,0,0,0,23,68,100,0,0,0
0,OK,200,0.167099,0.2,1,0.999604,0.966258,0,rg_back,0.47148,67,70,100,92,73,94,51,91,62,82,100,95,100,0,100,91
0,OK,200,0.151972,0.1,1,1,0.997209,0,rg_front,0.605735,67,57,100,80,0,79,10,83,36,75,71,79,100,0,100,77
0,OK,200,0.154853,0.1,1,0.983332,0.832776,0,rg_back,0.296164,88,48,11,36,27,71,0,68,0,0,17,76,100,74,0,0
0,OK,200,0.181926,1.5,1,0.979484,0.809039,0,rg_back,0.406282,75,54,100,87,74,85,95,91,100,97,100,93,100,99,100,89
0,OK,200,0.163937,0.6,1,0.997139,0.85007,0,rg_front,0.339222,100,72,0,0,4,66,30,76,14,70,58,75,100,0,100,77
0,OK,200,0.220645,0.5,1,0.96918,0.755789,0,rg_back,0.414237,100,65,100,77,100,0,50,68,29,76,76,85,100,0,71,87
0,OK,200,0.166959,0,1,1,0.995959,1,rg_back,0.485913,25,36,63,58,0,78,6,85,33,72,26,65,100,0,67,53
0,OK,200,0.40826,0.6,1,0.998578,0.665474,0,rg_back,0.482629,38,35,25,54,10,64,11,83,0,75,27,61,100,0,86,86
0,OK,200,0.188518,0.1,1,0.997475,0.813665,0,rg_back,0.481346,100,92,100,94,88,79,90,81,100,92,95,91,100,98,86,93
0,OK,200,0.184963,0.6,1,1,0.968597,0,cnh,0.477091,100,71,100,71,85,80,26,82,100,74,89,89,100,0,92,89
0,OK,200,0.190304,0.1,1,0.997675,0.983465,0,rg_front,0.618717,100,77,100,82,100,94,96,88,100,93,0,0,100,0,0,0
0,OK,200,0.215387,0.3,1,0.999226,0.839679,0,rg_back,0.469125,100,95,100,91,100,96,95,97,100,98,100,96,100,94,100,93
0,OK,200,0.218785,0.2,1,0.99988,0.974343,0,rg_front,0.475117,100,90,100,92,100,98,97,97,100,97,100,98,100,0,100,89
0,OK,200,0.196149,0.1,1,0.998888,0.992135,0,rg_back,0.340028,100,93,100,93,95,94,96,96,100,98,100,97,100,100,100,94
0,OK,200,0.196631,0.2,1,0.952052,0.772396,0,rg_back,0.357148,11,41,100,62,0,71,29,83,0,0,100,97,100,90,86,79
0,OK,200,0.215912,0.2,1,0.992903,0.981958,0,rg_back,0.601751,100,68,100,93,100,96,94,97,100,98,100,97,100,99,100,96
0,OK,200,0.161696,1.6,1,1,0.890634,0,rg_front,0.297761,38,55,50,69,74,74,76,81,50,67,75,74,100,98,100,86
0,OK,200,0.199312,0.1,1,1,0.885787,0,rg_front,0.4839,0,0,0,0,0,0,0,0,0,0,0,0,0,0,0,0
0,OK,200,0.217491,0.2,1,0.999497,0.907921,0,rg_front,0.584795,13,10,13,16,0,0,0,0,0,0,9,69,0,0,0,0
0,OK,200,0.16656,0.3,1,0.982405,0.939646,0,rg_front,0.619215,100,80,56,52,5,70,45,70,0,0,40,60,0,0,100,86
0,OK,200,0.1663,1,1,0.99826,0.985822,1,rg_front,0.325474,100,71,100,67,17,81,24,85,0,0,57,84,100,99,86,86
0,OK,200,0.175359,0.3,1,0.994871,0.800017,0,rg_front,0.260573,100,90,100,80,91,75,90,88,50,77,71,77,100,0,100,86
0,OK,200,0.234074,1.3,1,0.930507,0.789191,0,rg_front,0.403006,100,86,0,0,18,79,8,76,0,0,25,70,0,0,30,86
0,OK,200,0.197887,1,1,0.962144,0.778811,0,cnh_top,0.438616,0,0,0,0,0,0,0,0,13,73,13,69,0,0,0,0
0,OK,200,0.176949,0.1,1,0.98891,0.917767,0,rg_back,0.515362,100,91,100,92,100,97,95,96,100,98,100,96,100,99,100,95
0,OK,200,0.218575,0.1,1,0.987965,0.826194,0,rg_back,0.438192,100,94,100,92,100,97,88,98,100,99,100,98,0,89,100,92
0,OK,200,0.122053,0.1,1,0.999516,0.941495,0,rg_back,0.59209,100,95,75,81,100,98,100,98,100,98,100,98,100,99,100,96
0,OK,200,0.139432,0.5,1,1,0.810456,0,cnh_top,0.516284,100,86,100,96,94,98,90,97,100,97,100,98,100,99,100,97
0,OK,200,0.114289,0.3,1,1,0.856671,0,rg_back,0.40096,100,92,100,96,100,97,100,98,100,99,93,94,100,99,100,97
0,OK,200,0.160013,0.1,1,1,0.844032,0,rg_back,0.587603,100,69,100,86,100,93,94,94,100,95,91,89,100,0,100,92
0,OK,200,0.161877,0.2,1,0.984295,0.943289,0,rg_back,0.553665,50,69,100,83,100,91,92,90,100,96,100,93,100,99,88,82
0,OK,200,0.171188,1.2,1,0.999813,0.814,0,rg_back,0.421329,100,93,100,95,100,0,100,98,100,96,100,98,100,0,100,97
0,OK,200,0.163849,0.2,1,0.999992,0.964116,0,rg_back,0.305771,100,87,100,81,78,81,86,84,100,90,0,0,100,99,100,91
0,OK,200,0.164736,0.2,1,0.99978,0.881988,0.033921,rg_front,0.311607,100,78,100,79,0,78,38,84,100,80,88,87,100,0,100,90
0,OK,200,0.154222,0.5,1,0.971786,0.947751,0,cnh_top,0.380623,100,87,100,93,86,84,95,92,100,96,100,91,100,98,100,99
0,OK,200,0.135407,0.5,1,0.980003,0.991097,0,rg_back,0.331087,100,76,50,50,68,77,50,82,100,83,92,87,100,0,100,98
0,OK,200,0.185594,0.2,1,1,0.873773,0.138154,rg_back,0.498438,100,88,25,43,81,94,95,95,100,88,90,85,100,98,91,94
0,OK,200,0.172224,0.9,1,1,0.954375,0,rg_back,0.494312,100,93,100,94,100,97,100,96,100,98,100,97,100,99,100,97
0,OK,200,0.16838,0.1,1,1,0.950986,0,rg_back,0.621116,100,93,100,93,100,97,100,98,100,99,100,98,100,0,100,99
0,OK,200,0.168067,0.1,1,1,0.998946,0,rg_back,0.533744,100,97,100,97,100,98,100,96,100,94,100,98,100,99,100,96
0,OK,200,0.142373,0.9,1,0.999803,0.947164,0,rg_back,0.694609,27,20,100,80,5,92,5,75,100,93,81,83,100,0,75,68
0,OK,200,0.17818,0.3,1,1,1,0,rg_back,0.786605,100,62,63,73,0,0,0,0,0,0,64,83,0,79,92,72
0,OK,200,0.210581,0.1,1,0.999907,0.895209,0,rg_back,0.489625,100,96,100,93,76,95,94,96,100,98,96,97,100,99,100,94
0,OK,200,0.139186,0.3,1,0.994783,0.988712,0,rg_back,0.585751,100,70,75,69,44,72,10,70,50,73,19,67,0,64,56,75
0,OK,200,0.152276,0.1,1,1,0.98942,0,rg_back,0.675188,100,80,100,85,88,91,92,92,100,88,100,91,100,95,100,83
0,OK,200,0.178943,0.6,1,0.999396,0.994887,0,rg_back,0.698428,100,83,100,91,100,96,100,93,100,96,96,94,100,99,100,91
0,OK,200,0.141728,0.6,1,1,0.982737,0,rg_back,0.776721,100,87,86,89,100,97,100,96,100,94,100,97,100,99,100,92
0,OK,200,0.162751,0.3,1,1,0.995652,0,rg_back,0.779576,100,83,86,88,100,93,100,92,100,94,96,92,100,81,82,79
0,OK,200,0.185162,1,1,0.998117,0.99759,1,rg_back,0.399846,71,68,100,90,47,88,89,88,100,87,81,85,100,83,85,91
0,OK,200,0.122925,0.3,1,0.999301,1,1,rg_back,0.406651,43,54,88,68,39,80,18,66,100,81,67,81,0,0,55,59
0,OK,200,0.194576,0.1,1,0.961912,0.839833,0,rg_back,0.36686,100,86,100,94,100,95,91,94,100,91,100,97,100,0,100,88
0,OK,200,0.205293,0.2,1,0.985716,0.736413,0,rg_back,0.405136,0,0,0,0,33,73,36,85,100,85,36,73,0,69,0,0
0,OK,200,0.202306,0.1,1,0.965063,0.810522,0,rg_back,0.637843,100,91,88,70,100,92,100,93,100,96,97,92,100,94,82,89
0,OK,221,0.280679,0.1,1,0.965947,0.919229,0,rg_back,0.468492,67,73,50,52,32,85,0,0,0,65,63,81,100,81,86,69
0,OK,200,0.175664,0.1,1,1,0.983153,0,rg_back,0.538465,100,93,44,51,57,94,100,98,88,84,100,97,100,99,100,93
0,OK,200,0.147998,0.7,1,1,0.985701,0,rg_back,0.501066,100,80,88,82,96,92,100,94,100,92,100,90,100,83,100,83
0,OK,200,0.15016,0.1,1,0.982871,0.983665,0,rg_back,0.698295,100,83,86,84,95,92,86,94,100,89,78,93,100,86,90,83
0,OK,200,0.161215,0.3,1,1,0.981502,0,cnh_top,0.486888,100,72,100,88,86,84,62,72,100,90,100,89,100,80,86,89
0,OK,200,0.174362,0.2,1,1,0.943083,0,rg_front,0.442128,88,82,100,88,90,85,96,89,100,90,100,91,100,87,100,89
0,OK,200,0.229672,0.1,1,0.8667,0.904812,0,rg_back,0.347117,88,59,100,60,82,88,84,89,50,92,0,0,100,0,71,80
0,OK,200,0.237752,0.3,1,0.989012,0.790543,0,rg_back,0.57681,55,51,88,46,95,88,91,92,100,89,83,92,100,0,100,86
0,OK,200,0.173062,0.1,1,0.981886,0.883866,0,rg_back,0.392917,100,78,75,81,100,0,100,86,100,90,100,91,100,87,100,79
0,OK,200,0.158452,0.1,1,0.986698,0.769884,0,rg_back,0.47706,100,81,100,86,84,78,33,80,20,79,95,83,0,0,0,0
0,OK,200,0.190817,0.3,1,1,0.990774,0,rg_back,0.63405,100,95,100,88,100,97,100,96,0,0,100,96,100,99,100,99
0,OK,200,0.169984,0.3,1,1,0.991196,0,rg_front,0.597681,100,94,100,94,100,97,97,97,100,99,100,98,100,0,100,93
0,OK,200,0.179026,1.1,1,0.981715,0.879786,0,rg_back,0.306037,100,80,100,80,92,92,96,96,100,90,97,94,0,91,100,97
0,OK,200,0.168004,0.5,1,0.993261,0.847732,0.352489,rg_back,0.534929,100,80,100,83,57,74,18,69,100,82,100,77,100,0,100,85
0,OK,200,0.147241,0.1,1,1,0.982863,0,rg_back,0.627536,100,62,100,75,75,80,41,83,100,81,50,83,100,99,100,92
0,OK,200,0.822853,0.6,1,0.996088,0.739427,0,cnh_top,0.429625,75,48,75,73,33,71,37,74,0,0,13,68,64,66,100,84
0,OK,200,0.115878,0.5,1,1,0.873312,0,cnh_top,0.383812,100,51,88,47,0,0,0,0,0,0,50,55,64,58,100,53
0,OK,200,0.176738,0.1,1,0.999989,0.97732,0,rg_back,0.440631,100,72,100,72,0,0,0,0,100,72,50,81,100,89,100,88
0,OK,200,0.206371,0.3,1,1,0.952145,0,rg_back,0.30721,50,45,100,73,59,77,88,83,100,87,91,78,100,0,83,92
0,OK,200,0.14581,0.4,1,1,0.994778,0.10103,rg_back,0.542096,100,36,100,67,0,100,9,62,0,0,18,64,100,76,100,68
0,OK,200,0.128298,0.6,1,0.999919,0.952701,0,rg_back,0.40873,100,61,100,67,5,91,16,72,100,73,21,75,0,0,100,68
0,OK,200,0.144595,0.5,1,0.985008,0.926072,0,rg_front,0.336337,100,77,100,70,18,69,87,77,100,83,85,91,100,0,89,90
0,OK,200,0.1509,0.3,1,1,0.867853,0,rg_back,0.482751,100,91,100,91,95,98,94,97,100,99,100,97,100,96,89,98
0,OK,200,0.216115,1,1,0.988498,0.8354,0,rg_back,0.294944,100,70,88,96,95,94,100,95,100,91,100,97,100,0,80,89
0,OK,200,0.138796,0.1,1,1,0.991325,0,rg_front,0.644248,100,81,57,62,91,93,100,93,100,94,100,94,100,78,100,89
0,OK,200,0.162211,0.3,1,0.986747,0.954828,0,rg_back,0.363744,100,87,100,95,0,0,0,0,100,98,100,98,100,0,82,83
0,OK,200,0.174934,0.1,1,1,0.987202,0,rg_back,0.59155,100,90,88,91,100,97,100,98,100,97,100,98,100,95,100,96
0,OK,200,0.144402,0.6,1,0.998282,0.823434,0,rg_back,0.531321,100,94,100,95,93,92,94,96,100,92,100,97,100,0,100,96
0,OK,200,0.332724,0.5,1,1,0.684376,0,rg_back,0.394406,100,90,0,0,0,0,31,82,0,0,92,97,100,99,86,77
0,OK,200,0.21064,0.1,1,0.995622,0.987188,0.235447,rg_back,0.733948,56,73,67,60,100,98,100,98,100,90,100,98,100,0,100,94
0,OK,200,0.165877,0.7,1,0.992688,0.860091,0,rg_back,0.741713,100,96,88,61,100,0,100,96,100,90,100,97,0,80,100,95
0,OK,200,0.240438,0.1,1,1,0.933677,0,rg_back,0.56734,100,80,100,86,11,70,89,83,100,80,0,0,100,0,0,0
0,OK,200,0.13802,0.1,1,0.999938,0.980602,0,rg_back,0.728162,100,96,100,76,89,94,96,99,100,92,100,99,100,94,100,97
0,OK,200,0.210025,0.1,1,1,0.99566,0,rg_back,0.520144,100,91,100,93,100,96,95,95,100,96,100,96,82,99,100,97
0,OK,200,0.123029,0.1,1,0.999923,0.95062,0,rg_back,0.504029,100,96,100,96,100,98,100,98,100,99,100,98,100,0,100,98
0,OK,200,0.170752,0.1,1,1,0.925497,0,rg_back,0.531089,100,88,100,90,100,94,100,94,100,82,100,92,100,0,100,97
0,OK,200,0.188969,0.5,1,1,0.957174,0.345391,rg_front,0.420992,88,84,100,94,85,94,100,95,100,92,96,97,100,99,100,91
0,OK,200,0.164804,0.1,1,1,0.988249,0,rg_back,0.508271,100,88,100,87,71,94,100,95,100,96,100,95,100,99,100,90
0,OK,200,0.162916,0.1,1,1,0.968863,0,rg_front,0.556717,100,87,100,82,73,89,93,92,100,92,100,93,100,90,100,94
0,OK,200,0.131344,0.1,1,0.997291,0.964073,0,rg_back,0.546637,100,90,0,0,100,97,44,97,21,83,73,98,100,95,78,87
0,OK,200,0.165382,0.1,1,0.989252,0.9769,0,rg_back,0.270053,100,80,100,93,100,97,100,98,100,94,0,0,100,94,0,0
0,OK,200,0.243527,0.3,1,0.995222,0.750689,0,rg_back,0.315598,88,62,88,61,47,84,59,81,33,77,100,94,55,90,56,89
0,OK,200,0.152816,0.2,1,0.992527,0.965775,0,rg_front,0.378499,100,86,100,93,100,99,97,98,100,97,94,96,100,0,100,99
0,OK,226,0.171304,0.3,1,0.979904,0.97195,0,rg_back,0.710395,63,81,100,93,100,96,88,97,100,97,100,96,100,0,100,95
0,OK,200,0.157722,0.3,1,0.994226,0.973513,0,rg_front,0.317163,38,39,100,94,86,88,95,97,100,94,20,71,100,0,0,0
0,OK,200,0.178446,0.1,1,1,0.962252,0,rg_front,0.76368,100,86,100,90,100,94,100,96,100,94,95,95,100,81,100,91
0,OK,200,0.165946,0.1,1,0.96994,0.964981,0,rg_back,0.40324,100,95,100,94,100,97,96,98,100,98,100,98,100,99,100,98
1,OK,-1,-1,-1,-1,-1,-1,-1,-1,0,0,0,0,0,0,0,0,0,0,0,0,0,0,0,0,0
0,Profundidade de cor,200,0.186563,0.1,-1,-1,-1,-1,cnh_bottom,0.323727,0,0,0,0,0,0,0,0,0,0,0,0,0,0,0,0
0,OK,200,0.140997,0.5,1,1,0.991325,0,rg_back,0.290996,100,73,100,85,100,95,100,94,100,93,91,89,100,0,82,80
0,OK,200,0.181019,0.2,1,0.997903,0.912192,0.293146,rg_back,0.7496,88,58,100,91,100,92,85,83,100,90,27,72,100,0,100,96
0,OK,200,0.166544,0.1,1,1,0.927907,0,cnh,0.486484,100,93,0,0,100,0,100,95,100,93,79,92,100,0,100,96
0,OK,200,0.185835,0.1,1,1,0.817667,0.15989,rg_back,0.522987,56,68,56,74,100,96,92,94,100,93,92,96,0,98,100,91
0,OK,200,0.191518,0.4,1,0.998911,0.988055,1,rg_back,0.546255,25,15,0,0,90,87,86,86,0,0,82,77,100,0,100,90
0,OK,200,0.175721,0.1,1,1,0.878835,0.300165,rg_back,0.580923,100,74,100,72,100,97,97,95,100,93,100,95,100,0,100,97
0,OK,200,0.197677,0.1,1,1,0.979279,0,rg_front,0.561348,100,92,100,74,100,98,97,96,100,93,100,97,100,99,100,94
0,OK,200,0.188765,0.6,1,0.999407,0.983447,1,rg_front,0.699498,100,80,100,85,22,92,41,93,100,93,100,95,0,89,100,95
0,OK,200,0.153659,0.1,1,1,0.97694,0,rg_front,0.282797,100,72,100,69,76,84,52,75,100,91,59,75,100,0,67,57
0,OK,200,0.209461,0.2,1,0.995662,0.867016,0.400258,rg_back,0.666012,100,89,100,94,0,0,33,97,100,96,100,98,100,0,88,98
0,OK,200,0.184274,0.6,1,1,0.988959,1,rg_front,0.696737,100,92,100,95,0,0,24,97,0,0,100,98,100,94,78,89
0,OK,200,0.165518,0.4,1,1,0.878133,0,rg_back,0.6148,0,0,0,0,0,0,0,0,0,0,14,67,0,0,0,0
0,OK,200,0.168285,0.1,1,1,0.944866,0,rg_back,0.397946,100,68,0,0,8,64,11,80,100,93,81,77,100,0,100,77
0,OK,200,0.244049,0.3,1,0.977627,0.793103,0,rg_back,0.46059,88,71,100,71,44,84,30,72,0,0,82,82,100,0,100,86
0,OK,200,0.116095,0.1,1,1,0.978294,0,rg_back,0.469659,100,94,100,89,0,0,100,98,100,99,100,97,100,99,100,98
0,OK,200,0.185818,1.1,1,1,0.909873,0,rg_back,0.754823,100,91,100,93,0,0,15,96,100,95,100,97,100,0,100,96
0,OK,200,0.177021,0.1,1,1,0.952721,0,rg_back,0.381208,100,93,100,91,0,0,37,94,100,94,95,95,100,99,100,99
0,OK,200,0.215575,0.1,1,1,0.926516,0,rg_back,0.385731,100,89,100,94,0,98,62,91,40,80,83,93,100,0,80,88
0,OK,200,0.142193,0.2,1,0.985728,0.95196,0,rg_back,0.312025,56,41,13,31,50,64,55,72,47,76,84,75,100,0,89,71
0,OK,200,0.168539,0,1,0.985429,0.891928,0,rg_back,0.391773,50,27,0,0,100,0,32,62,40,71,73,69,100,0,100,72
0,OK,200,0.154576,0.1,1,1,0.927536,0,rg_back,0.508737,100,82,100,83,63,83,67,79,100,86,95,96,100,88,100,95
0,OK,200,0.180823,0.7,1,1,0.938357,0,rg_back,0.645033,100,89,100,85,86,84,100,93,100,87,90,96,100,0,100,88
0,OK,200,0.196346,0.1,1,1,0.956344,0,rg_front,0.76371,100,91,100,92,100,95,90,98,100,96,100,96,100,95,90,98
0,OK,200,0.169906,0.4,1,0.590506,0.944467,0,rg_back,0.635163,100,76,100,75,13,76,83,75,100,85,0,0,100,81,63,78
0,OK,200,0.16974,0.3,1,0.995397,0.978766,0,rg_front,0.332546,100,90,100,93,100,96,96,97,77,87,78,97,100,96,82,90
0,OK,200,0.151894,0.1,1,0.939023,0.945762,0,rg_back,0.601764,100,79,83,66,54,71,29,79,100,74,88,84,100,0,75,74
0,OK,200,0.185111,0.1,1,1,0.964501,0,rg_front,0.51596,100,84,25,28,0,0,46,94,10,82,100,98,100,0,80,82
0,OK,200,0.146291,0.1,1,0.979324,0.986164,0,rg_back,0.765646,100,90,100,95,100,98,100,98,100,97,100,98,100,97,100,96
0,OK,200,0.183255,0.3,1,0.990021,0.950128,0,rg_back,0.637867,100,90,0,53,64,98,63,98,19,80,0,0,100,99,100,99
0,OK,200,0.200471,0.5,1,0.999638,0.870056,0,rg_back,0.524773,50,54,100,70,82,76,93,81,100,85,64,78,100,0,50,76
0,OK,200,0.177357,0.1,1,0.999945,1,0,rg_back,0.39191,0,0,100,59,0,0,0,0,0,0,41,66,100,0,0,0
0,OK,200,0.172952,0.1,1,0.974305,0.98822,0,rg_back,0.447061,67,53,100,84,39,76,51,73,100,80,81,67,100,98,100,92
0,OK,200,0.171603,0.5,1,0.999204,0.760704,0.36674,rg_back,0.454932,100,88,86,93,92,85,100,94,100,93,100,96,100,0,60,62
0,OK,200,0.137514,0.1,1,0.999724,0.969946,0,rg_back,0.507833,33,38,75,52,0,100,8,76,10,74,14,70,100,0,0,0
0,OK,200,0.115853,0.1,1,1,0.953656,0,rg_front,0.461803,100,90,75,83,96,91,100,91,100,90,94,91,100,0,100,94
0,OK,200,0.137058,1,1,1,0.944937,0,rg_back,0.602745,100,73,100,70,80,83,65,75,100,80,75,79,0,0,80,78
0,OK,200,0.15875,0.5,1,0.995325,0.978046,0,rg_back,0.585735,100,89,100,93,100,96,100,98,100,97,100,97,100,0,100,97
0,OK,200,0.129766,0.1,1,1,0.934464,0,rg_back,0.351834,100,91,100,93,0,0,38,96,100,94,100,97,100,0,100,94
0,OK,200,0.192793,0.6,1,0.977584,0.759707,0,rg_back,0.611855,100,88,100,91,9,73,41,89,100,80,86,85,36,97,71,84
0,OK,200,0.268659,0.1,1,0.884542,0.822273,0.367843,rg_back,0.54642,0,0,100,72,22,71,53,84,17,66,35,86,0,0,78,81
0,OK,200,0.158592,0.5,1,0.999511,0.795868,0,rg_back,0.618889,100,92,100,94,100,94,100,95,100,97,100,98,100,0,100,96
0,OK,200,0.177749,0.1,1,0.99974,0.849867,0,rg_back,0.652412,100,92,100,91,100,96,100,95,100,97,100,90,0,95,86,80
0,OK,200,0.154085,0.1,1,0.983218,0.863383,0.138794,rg_back,0.617415,100,92,100,93,100,95,90,91,100,96,100,96,100,99,100,93
0,OK,200,0.21775,0.1,1,1,0.955678,0,rg_back,0.675655,100,88,100,93,100,97,96,95,100,99,94,98,100,99,100,94
0,OK,200,0.210628,0.2,1,1,0.917101,0,rg_back,0.3051,100,91,100,95,96,97,97,97,100,99,96,96,100,99,100,92
0,OK,200,0.224986,0.1,1,1,0.861111,0.309646,rg_front,0.394838,100,92,100,91,100,96,96,97,100,97,100,97,100,95,100,95
0,OK,200,0.213512,0.1,1,0.972261,0.882404,0,rg_back,0.475952,100,88,100,92,85,96,95,98,100,96,95,98,100,100,100,96
0,OK,200,0.177546,0.1,1,0.960671,0.812209,0,rg_front,0.259862,63,44,50,56,5,83,76,78,79,74,31,70,100,0,92,65
0,OK,200,0.209568,0.4,1,0.999883,0.957277,0,rg_back,0.313274,100,72,100,92,100,97,96,97,100,98,100,97,100,99,92,93
0,OK,200,0.227473,0.2,1,0.999773,0.993769,0,rg_back,0.367628,100,92,100,81,100,87,96,92,100,88,100,91,100,99,85,91
0,OK,200,0.20139,0.1,1,0.997922,0.982408,0,rg_back,0.44381,100,93,100,94,100,0,100,98,100,98,100,97,100,99,100,97
0,OK,200,0.180289,1.4,1,1,0.97205,0,rg_back,0.675133,100,91,100,92,80,97,85,96,100,92,100,98,100,99,100,96
0,OK,200,0.151962,1.4,1,1,0.977996,0,rg_back,0.597491,100,83,100,91,76,92,100,93,100,93,97,91,100,0,100,91
0,OK,200,0.174648,0.2,1,1,0.969666,0,rg_back,0.685321,100,88,100,86,95,92,100,95,100,96,100,95,100,0,100,96
0,OK,200,0.187183,0.7,1,0.99746,0.984485,0,rg_back,0.756513,100,89,100,94,100,97,100,97,100,93,75,97,100,0,100,98
0,OK,200,0.164788,0.4,1,0.999944,0.775467,0,rg_back,0.677985,63,49,100,65,100,0,100,85,88,90,86,78,100,0,78,67
0,OK,200,0.140534,1,1,1,0.997432,1,rg_back,0.475695,100,90,86,86,74,95,68,89,100,94,26,68,100,88,100,92
0,OK,200,0.172209,0.1,1,1,0.952055,0,rg_back,0.589134,100,90,0,0,94,95,95,98,0,0,100,98,100,91,50,90
0,OK,200,0.134797,0.1,1,1,1,1,rg_back,0.686126,100,92,0,0,0,91,43,87,100,97,0,0,100,97,100,89
0,OK,200,0.164338,0.1,1,0.982272,0.971066,0,rg_back,0.504933,100,73,86,81,59,74,88,72,50,73,78,81,0,0,100,80
0,OK,200,0.133204,0.1,1,0.997805,0.999412,0,rg_back,0.774262,100,90,86,95,100,97,100,97,86,97,100,98,100,0,80,94
0,OK,200,0.217775,1,1,0.998627,0.805828,0,rg_front,0.291691,100,65,0,0,96,90,32,93,0,0,15,74,100,0,0,80
0,OK,200,0.164723,0.3,1,1,0.936139,0,rg_back,0.587903,100,65,88,71,5,82,100,91,0,0,100,88,100,0,70,82
0,OK,200,0.142869,0.1,1,1,0.946232,0,rg_back,0.576269,100,54,25,40,4,59,82,80,100,86,89,78,100,0,90,89
0,OK,200,0.17125,0.1,1,1,0.962338,0,rg_front,0.678614,100,91,100,94,100,95,100,98,100,96,100,97,100,97,100,96
0,OK,200,0.177895,0.3,1,0.963378,0.799068,0,rg_back,0.537284,38,51,88,76,0,0,26,82,0,0,77,82,100,0,82,82
0,OK,200,0.197236,0.3,1,1,0.975524,0,rg_front,0.535707,100,77,100,85,84,94,93,94,100,92,100,97,100,0,82,74
0,OK,200,0.209816,0.6,1,0.999425,0.980471,0,rg_back,0.38931,100,89,100,93,100,93,100,96,100,94,100,92,100,97,100,96
0,OK,200,0.162188,0.3,1,1,0.981211,0,rg_front,0.594858,100,70,100,82,100,95,100,94,100,92,100,94,100,0,100,77
0,OK,200,0.181201,0.1,1,1,0.836453,0,rg_back,0.643689,100,71,86,73,68,76,59,81,100,75,100,87,100,0,73,75
0,OK,200,0.201761,0.3,1,1,0.9452,0,rg_back,0.582391,100,84,100,95,96,95,95,96,100,95,100,96,100,86,91,90
0,OK,200,0.15513,0.5,1,0.998501,0.938981,0,rg_front,0.375547,75,75,100,91,100,93,100,95,100,96,95,96,18,83,82,83
0,OK,200,0.166583,0.3,1,1,0.946946,0,rg_back,0.452985,63,20,75,54,0,72,95,83,100,85,82,75,100,0,50,72
0,OK,200,0.0982908,1.3,1,1,0.878309,0,rg_back,0.530172,100,97,100,98,0,0,21,97,100,99,96,96,0,81,100,97
0,OK,200,0.164369,0.1,1,0.999921,0.952029,0,rg_back,0.421055,100,88,100,90,86,84,97,85,100,85,97,90,100,99,100,92
0,OK,200,0.12527,0.1,1,1,0.941393,0,rg_back,0.715061,100,91,100,96,100,98,97,98,100,99,100,98,0,90,100,97
0,OK,200,0.123721,0.3,1,0.999811,0.910082,0.206867,rg_back,0.533449,100,97,100,95,100,0,100,97,100,98,91,92,0,90,100,98
0,OK,200,0.153428,0.3,1,0.987784,0.913448,0,rg_back,0.644621,100,94,100,93,91,92,95,90,100,97,85,96,0,0,100,97
0,OK,200,0.127276,0.3,1,0.999865,0.998588,0,rg_back,0.723787,100,77,100,89,25,67,97,90,50,79,92,80,100,91,89,92
0,OK,200,0.182967,1,1,1,0.945427,0,rg_back,0.685749,100,90,100,94,100,97,94,97,100,96,100,98,100,95,100,98
0,OK,200,0.132447,0.5,1,0.999992,0.89047,0,rg_back,0.411454,100,88,100,87,96,94,100,97,100,98,100,97,100,0,100,94
0,OK,200,0.186086,0.3,1,1,0.968091,0,rg_back,0.484291,100,97,100,98,100,96,100,98,100,98,87,94,100,99,90,98
0,OK,200,0.187464,0.2,1,1,0.982724,0,rg_back,0.472108,100,96,100,96,100,97,100,98,100,99,100,98,100,99,100,99
0,OK,200,0.132979,0.2,1,1,0.91325,0,rg_back,0.543558,100,97,88,83,0,90,100,96,100,99,100,97,100,99,100,98
0,OK,200,0.159617,0.1,1,1,0.954299,0,rg_back,0.521677,100,94,100,96,100,96,100,98,100,98,89,92,100,99,100,98
0,OK,200,0.167581,0.3,1,0.999684,0.938296,0,rg_front,0.329371,100,79,100,81,100,92,95,93,100,95,67,79,100,98,100,90
0,OK,200,0.179792,0.1,1,1,0.929321,0,cnh,0.558271,100,92,100,91,100,95,94,92,100,87,81,92,100,99,100,93
0,OK,200,0.185388,0.6,1,0.99998,0.940985,0,rg_front,0.66921,100,75,86,94,100,95,96,94,100,96,100,95,100,0,100,97
0,OK,200,0.188415,0.2,1,1,0.916142,0,rg_back,0.616778,100,87,86,88,100,97,100,96,100,95,100,98,100,0,90,80
0,OK,200,0.190008,0.4,1,1,0.995906,0,rg_front,0.627432,100,88,86,92,96,95,100,97,100,97,100,97,100,95,100,94
0,OK,200,0.188796,0.4,1,0.998641,0.996122,0,rg_back,0.76565,0,0,13,32,0,0,15,62,0,0,21,54,0,0,0,0
0,OK,200,0.183552,0.5,1,1,0.901478,0,rg_back,0.561427,75,68,100,82,76,79,75,87,100,85,92,88,100,0,88,73
0,OK,200,0.192782,0.1,1,0.995322,0.976826,0,rg_back,0.483281,100,91,86,94,100,97,100,97,100,97,100,97,100,85,100,94
0,OK,220,0.107914,0.6,1,1,0.998679,0,rg_front,0.326508,100,82,0,0,100,95,100,94,0,0,100,97,100,0,50,91
0,OK,200,0.288739,0.1,1,0.992811,0.915265,0,outros,0.479266,56,42,100,77,81,73,17,63,0,0,95,82,100,0,0,0
0,OK,200,0.162216,0.3,1,0.999126,0.859296,0,rg_back,0.40709,0,0,100,86,24,90,23,84,100,92,44,92,82,82,0,0
0,OK,200,0.184541,0.1,1,0.983876,0.936078,0,rg_back,0.524031,100,86,86,94,100,86,100,94,100,95,100,96,100,93,100,95
0,OK,200,0.122361,0.3,1,1,0.971839,0,rg_back,0.508984,100,83,63,62,92,88,100,92,100,97,93,88,100,91,82,92
0,OK,200,0.12458,0.1,1,0.999985,0.860143,0,rg_back,0.317116,75,48,100,73,0,0,39,86,38,67,100,88,100,0,40,66
0,OK,200,0.174392,0.2,1,0.977937,0.855476,0,cnh_top,0.293086,100,77,100,77,100,97,100,96,100,98,67,95,100,99,100,99
0,OK,200,0.217972,0.4,1,0.974119,0.729475,0,rg_back,0.407583,100,67,100,84,0,0,42,90,0,0,96,85,100,82,100,81
0,OK,200,0.652234,0.2,1,0.999974,0.726369,0,cnh_top,0.263848,100,88,100,93,100,0,95,96,100,96,100,96,100,99,100,94
0,OK,200,0.199941,0.6,1,0.9999,0.639599,0,rg_back,0.450282,38,45,88,60,6,61,41,74,77,71,64,73,27,90,90,74
0,OK,200,0.806888,0.7,1,0.988306,0.740245,0,cnh_top,0.57974,75,62,50,46,91,95,91,96,100,96,100,96,100,99,100,99
0,OK,200,0.148093,0.1,1,0.972667,0.725906,0,rg_front,0.526165,75,69,100,80,76,84,96,85,100,89,44,75,100,79,100,81
0,OK,200,0.167008,0.1,1,0.990968,0.891195,0,cnh_top,0.386023,100,93,100,91,94,99,100,98,100,96,100,96,100,99,100,97
0,OK,200,0.189744,0.1,1,1,0.852964,0,cnh,0.434075,63,73,100,96,100,98,100,98,100,96,100,96,100,99,100,98
0,OK,200,0.159945,0.3,1,1,0.87808,0,cnh,0.469965,100,92,100,96,100,97,100,97,100,98,100,97,100,0,100,99
0,OK,200,0.184363,0.1,1,0.999502,0.881581,0,rg_back,0.377692,100,84,88,85,0,0,0,0,100,97,23,95,100,0,100,93
0,OK,200,0.122099,0.1,1,0.994847,0.929531,0,rg_back,0.530715,100,85,100,80,0,81,30,71,100,67,59,83,0,0,43,67
0,OK,200,0.168919,0.1,1,1,0.984383,0,rg_back,0.748728,38,76,100,82,91,85,88,93,100,87,100,92,0,80,100,96
0,OK,200,0.160387,0.1,1,1,0.935491,0,rg_back,0.522824,100,94,100,92,100,95,100,95,100,90,100,97,100,99,100,94
0,OK,200,0.166185,0.2,1,1,0.731147,0,rg_back,0.432654,25,37,63,50,59,70,77,80,0,0,84,87,100,0,100,87
0,OK,200,0.161474,0.4,1,0.995883,0.88047,0,rg_back,0.559886,100,78,100,84,94,88,95,92,100,91,96,95,100,0,100,82
0,OK,200,0.208954,0.3,1,0.999414,0.869848,0,rg_back,0.447634,100,80,100,85,100,0,100,92,100,87,94,93,100,0,100,92
0,OK,200,0.150305,0.1,1,0.999971,0.999071,1,rg_back,0.317117,100,88,100,89,74,97,68,97,100,97,96,97,100,94,100,91
0,OK,200,0.162141,0.1,1,0.994908,0.954615,0,rg_back,0.367415,100,85,100,78,75,86,90,86,100,90,96,94,100,0,100,96
0,OK,200,0.181389,0.1,1,0.994361,0.942265,0,rg_front,0.658963,100,91,100,92,100,95,100,98,100,97,100,98,100,0,100,98
0,OK,200,0.178207,0.3,1,0.757212,0.86363,0,rg_back,0.509294,63,63,100,72,100,89,95,89,70,87,100,93,100,0,100,84
0,OK,200,0.142081,0.5,1,1,0.965442,0,rg_front,0.346341,88,63,67,59,32,82,17,73,100,85,47,79,100,0,89,72
0,OK,200,0.17277,0.1,1,0.99999,0.988026,1,rg_front,0.56467,100,89,100,92,100,96,100,98,100,96,94,94,100,97,100,88
0,OK,200,0.150934,0.8,1,0.958144,0.93135,0,rg_back,0.329048,100,90,100,94,94,96,93,96,100,93,97,97,100,99,100,92
0,OK,200,0.183234,0.1,1,0.996764,0.976188,0,rg_front,0.552546,100,84,100,90,96,95,91,96,100,88,100,96,100,0,100,88
0,OK,200,0.400615,0.5,1,0.97944,0.770821,0,rg_back,0.606007,100,81,100,82,0,27,96,90,100,91,100,91,100,0,100,89
0,OK,200,0.341895,0.6,1,0.750407,0.746875,0,rg_back,0.349047,100,77,100,76,95,88,100,91,100,90,100,96,100,0,100,76
0,OK,200,0.192025,0.1,1,0.996441,0.989587,0,rg_back,0.343065,100,90,100,95,28,97,29,96,20,81,72,98,100,0,88,99
0,OK,200,0.181645,0.2,1,1,0.953174,0,rg_back,0.555605,100,85,100,91,100,95,100,97,94,96,100,98,100,0,100,98
0,OK,200,0.171762,0.7,1,0.970153,0.835175,0,rg_front,0.305711,0,0,13,17,8,71,19,70,0,0,15,80,100,0,0,0
0,OK,200,0.174194,0.1,1,0.999795,0.999295,1,rg_back,0.709314,100,79,86,92,100,95,100,97,83,91,95,96,100,0,100,94
0,OK,200,0.171104,0.1,1,0.990896,0.764735,0,rg_back,0.513869,75,51,100,61,77,76,84,83,50,72,68,72,0,0,75,75
0,OK,200,0.135789,0.4,1,0.992703,0.676603,0,rg_front,0.420138,0,0,0,0,8,50,16,75,0,0,17,59,9,89,0,0
0,OK,200,0.22165,0.3,1,1,1,1,rg_back,0.591305,67,61,0,0,91,92,92,96,0,0,94,94,100,0,60,92
0,OK,224,0.818011,0.6,1,0.98501,0.767486,0,rg_back,0.466011,63,70,100,86,59,84,100,93,71,85,92,92,73,90,88,88
0,OK,200,0.185599,0.1,1,1,0.913584,0,rg_back,0.549486,100,73,75,65,72,93,88,84,94,88,93,90,100,0,100,93
0,OK,200,0.177121,0.1,1,0.996765,0.901706,0,rg_back,0.472355,100,83,100,92,100,97,89,98,100,97,100,97,100,96,100,97
0,OK,200,0.168201,0.4,1,0.999054,0.887192,0,rg_back,0.578516,100,76,100,92,100,97,100,98,93,91,96,95,100,0,90,95
0,OK,200,0.170877,0.1,1,0.982097,0.888737,0,rg_back,0.366533,75,31,71,60,50,77,81,84,0,0,78,87,100,0,60,60
0,OK,200,0.144541,0.3,1,1,1,0,rg_back,0.776103,100,93,100,92,100,97,100,97,100,96,100,97,100,99,100,97
1,OK,-1,-1,-1,-1,-1,-1,-1,-1,0,0,0,0,0,0,0,0,0,0,0,0,0,0,0,0,0
0,OK,200,0.141542,0.1,1,1,0.993776,1,rg_back,0.769776,100,83,100,82,100,94,100,95,100,91,100,97,100,88,100,85
0,OK,200,0.128197,0.3,1,0.998354,0.713754,0,rg_back,0.528084,63,48,100,75,100,85,100,88,100,93,100,91,100,0,71,72
0,OK,200,0.166141,1,1,0.986084,0.779242,0,rg_back,0.402005,100,74,100,82,5,80,44,67,100,84,82,86,0,98,100,77
0,OK,200,0.191665,0.1,1,0.998796,0.795755,0,rg_back,0.280124,75,35,88,74,35,78,65,74,100,72,24,78,100,99,100,84
0,OK,220,0.171389,0.5,1,0.965687,0.871181,0,rg_back,0.265333,67,58,100,76,100,85,100,87,100,91,0,0,100,0,0,0
0,OK,200,0.172388,0.1,1,1,0.981704,0,rg_back,0.501535,100,97,100,98,100,98,100,97,100,99,100,97,100,99,100,98
0,OK,200,0.17419,0.3,1,1,0.999452,0,rg_back,0.549186,100,97,88,80,100,96,100,96,100,99,100,96,100,99,100,98
0,OK,200,0.139218,0.2,1,1,0.886557,0,rg_back,0.65604,100,60,100,71,88,89,21,81,100,89,90,87,100,0,100,85
0,OK,200,0.150155,0.2,1,0.986071,0.959866,0,rg_front,0.252223,100,77,100,81,62,77,93,79,100,90,92,86,0,0,100,87
0,OK,200,0.145664,0.1,1,0.973208,0.849775,0,rg_back,0.280198,0,0,0,0,0,0,0,0,0,0,0,0,0,0,0,0
0,OK,200,0.192466,0.2,1,0.950363,0.92609,0,rg_front,0.370791,100,94,100,95,100,94,100,95,100,97,95,91,100,96,100,96
0,OK,200,0.181908,0.2,1,0.999113,0.85007,0,rg_back,0.300936,100,85,0,0,100,94,100,96,0,0,100,97,100,98,86,91
0,OK,300,0.188435,0,1,1,0.995991,1,rg_back,0.767448,100,94,100,94,100,97,92,96,100,97,100,92,100,99,100,92
0,OK,300,0.188432,0.5,0.924837,1,0.992759,1,rg_back,0.803384,100,89,100,90,100,96,100,98,100,97,100,97,100,99,100,97
0,OK,300,0.188435,0,1,1,0.995991,1,rg_back,0.767448,100,94,100,94,100,97,92,96,100,97,100,92,100,99,100,92
0,OK,300,0.188432,0.5,0.924837,1,0.992759,1,rg_back,0.803384,100,89,100,90,100,96,100,98,100,97,100,97,100,99,100,97
0,OK,200,0.195423,0.4,1,1,0.996067,1,rg_front,0.253519,100,94,100,97,100,96,100,97,100,98,100,97,100,90,100,94
0,OK,100,0.216032,0.2,1,1,0.900164,1,rg_front,0.402705,100,72,100,83,100,91,93,89,100,98,100,96,100,99,100,97
0,OK,200,0.204653,0.4,1,1,0.983407,1,rg_front,0.485003,100,92,100,93,100,98,100,97,100,97,100,98,100,97,100,94
0,OK,300,0.211955,1,1,0.999601,0.901384,1,rg_back,0.486364,0,0,100,83,96,97,100,97,100,98,100,95,100,99,86,94
0,OK,300,0.20629,1.6,1,1,0.986175,0,rg_back,0.432157,100,92,100,90,95,94,69,96,100,95,100,98,100,98,86,90
0,OK,128,0.162162,0.2,1,1,0.960442,0.254069,rg_front,0.511652,100,67,0,0,23,96,28,91,89,96,39,95,100,78,89,69
0,OK,200,0.193787,1.1,0.924837,1,0.912221,1,rg_front,0.246621,100,61,100,76,90,94,100,94,100,97,100,97,100,75,100,95
0,OK,300,0.50919,0.1,1,0.652809,0.880446,0.448802,rg_back,0.720649,100,86,100,85,87,96,100,98,100,99,100,97,100,99,100,95
1,OK,-1,-1,-1,-1,-1,-1,-1,-1,0,0,0,0,0,0,0,0,0,0,0,0,0,0,0,0,0
1,OK,-1,-1,-1,-1,-1,-1,-1,-1,0,0,0,0,0,0,0,0,0,0,0,0,0,0,0,0,0
1,OK,-1,-1,-1,-1,-1,-1,-1,-1,0,0,0,0,0,0,0,0,0,0,0,0,0,0,0,0,0
0,OK,124,0.196849,0.9,0.964052,1,0.940367,1,rg_back,0.60954,100,85,100,91,100,96,96,98,100,98,100,97,100,98,89,94
0,OK,127,0.164243,0.5,1,1,0.922172,1,rg_back,0.265666,100,90,100,89,90,95,86,92,100,95,96,95,100,99,90,98
0,OK,100,0.182349,0.5,0.872549,1,0.731155,1,rg_front,0.604494,100,76,100,60,0,0,0,0,0,93,100,85,0,0,100,76
0,OK,100,0.209418,0.1,1,0.863467,0.949783,1,rg_front,0.524855,100,80,100,88,100,96,100,96,100,96,100,96,100,0,100,95
0,OK,100,0.28861,0.2,1,0.992953,0.904818,1,rg_back,0.237391,0,0,0,0,17,66,20,90,10,69,0,0,0,0,89,97
0,OK,300,0.204622,0.5,0.748366,1,0.870031,1,rg_back,0.63446,56,40,100,88,100,94,77,96,100,99,44,90,100,93,89,92
0,OK,121,0.183177,0.5,0.944444,1,0.870454,1,rg_front,0.511863,100,81,13,34,0,0,42,86,0,0,45,77,100,0,20,89
0,OK,126,0.200261,1.5,1,0.997959,0.882129,1,rg_front,0.405135,25,54,100,77,100,95,100,92,100,95,94,95,100,99,100,97
0,OK,100,0.197195,1,0.800654,1,0.937781,1,rg_front,0.501212,100,84,100,86,96,92,100,91,100,94,100,95,100,98,100,92
0,OK,123,0.175321,0.9,1,1,0.981688,1,rg_back,0.467938,89,85,100,93,100,97,100,95,100,97,95,94,0,88,100,94
0,OK,300,0.156575,0.5,0.970588,1,0.885658,1,rg_back,0.649419,100,94,100,92,100,95,100,97,100,95,100,95,100,99,88,91
0,OK,128,0.187825,1.1,0.872549,1,0.932154,1,rg_front,0.431107,78,53,100,76,95,92,100,92,100,91,95,86,100,0,100,85
0,OK,300,0.168749,0,1,1,0.937888,0.494714,rg_back,0.68648,100,92,0,0,100,98,100,96,100,97,100,98,100,99,100,97
0,OK,300,0.149731,0.1,1,0.999396,1,1,rg_back,0.488775,100,91,100,94,83,98,95,97,80,96,100,96,100,0,100,96
0,OK,100,0.204865,1.3,1,1,0.892873,1,rg_back,0.259183,0,0,0,0,25,80,25,77,100,83,22,76,100,0,57,62
0,OK,100,0.209042,0.3,1,1,0.957322,0.319973,rg_back,0.535199,100,85,100,84,57,84,96,96,100,90,91,92,100,93,100,88
0,OK,330,0.221577,1.9,1,0.667056,0.887527,1,rg_back,0.405851,100,90,100,95,100,88,100,96,0,0,88,85,100,99,0,0
0,OK,125,0.185604,0.7,1,1,0.986511,1,rg_back,0.451233,100,94,100,94,94,95,100,98,100,99,100,98,100,0,89,96
0,OK,100,0.223306,0.6,1,1,0.993822,0,rg_back,0.450811,100,92,100,92,100,97,100,96,100,96,91,94,100,90,100,95
0,OK,121,0.183954,0.2,1,1,0.981054,0,rg_back,0.422962,100,92,100,92,93,92,86,94,100,96,100,97,100,99,100,96
1,OK,-1,-1,-1,-1,-1,-1,-1,-1,0,0,0,0,0,0,0,0,0,0,0,0,0,0,0,0,0
0,OK,100,0.195315,0.3,1,1,0.925283,1,rg_front,0.460279,88,66,100,86,32,68,45,66,20,78,95,90,100,99,100,82
0,OK,100,0.220728,0.3,1,1,0.925561,1,rg_front,0.609143,89,63,100,84,25,77,90,81,100,96,83,81,100,99,100,89
0,OK,300,0.242752,0.6,1,0.981072,0.928475,1,rg_back,0.49135,50,24,0,0,9,75,17,90,0,0,32,93,73,89,0,0
0,OK,100,0.231076,0.3,1,1,0.920178,1,rg_front,0.623332,100,78,63,79,89,81,86,82,100,76,50,86,100,99,86,77
0,OK,122,0.139953,0.2,1,0.992762,0.933375,1,rg_back,0.269854,100,54,0,0,4,66,90,76,25,76,86,79,100,0,100,83
0,OK,200,0.294561,0.5,1,0.678422,0.956033,0.588725,rg_back,0.650153,100,92,100,92,89,94,90,97,100,97,96,98,0,0,100,96